

create database supermarket;

use supermarket;

create table sales 
(
InvoiceID varchar(15),
Branch varchar(1),
Customertype  varchar(10),
Gender varchar(6),
Productkey varchar(6),
Unitprice float,
Quantity integer,
Tax5 float,
Total float,
Date_transaction date,
Time_invoice time,
Payment varchar(15),
Cogs float,
Gross_margin float,
Gross_income float,
Rating float);


create table branch
 (
Branch varchar(1),
City varchar(10)
);


create table product
(
ProductKey varchar(7),
Productline varchar(25)
);


insert into branch values

("A", "Yangon"),
("B", "Mandalay"),
("C", "Naypyitaw");



insert into product values
("EA101",	"Electronic accessories"),
("FA102",	"Fashion accessories"),
("FB202",	"Food and beverages"),
("HB103",	"Health and beauty"),
("HL303",	"Home and lifestyle"),
("ST404",	"Sports and travel");


insert into sales values

("750-67-8428","A","Member","Female","HB103",74.69,7,26.14,548.97,'05.01.2019',"13:08:00","Ewallet",418.26,0.2,130.71,9.1),
("226-31-3081","C","Normal","Female","EA101",15.3,2,3.80,80.2,'08.03.2019',"10:29:00","Cash",61.3,0.2,19.11,9.6),
("631-41-3108","A","Normal","Male","HL303",46.40,6,16.21,349.06,'03.03.2019',"13:23:00","Credit card",259.16,0.2,81.11,7.4),
("123-19-1176","A","Member","Male","HB103",58.19,1,23.31,482.91,'27.01.2019',"20:33:00","Ewallet",372.23,0.2,116.41,8.4),
("373-73-7910","A","Normal","Male","ST404",86.74,3,30.29,633.43,'08.02.2019',"10:37:00","Ewallet",483.30,0.2,151.01,5.3),
("699-14-3026","C","Normal","Male","EA101",85.17,6,29.90,628.76,'25.03.2019',"18:30:00","Ewallet",478.29,0.2,149.41,4.1),
("355-53-5943","A","Member","Female","EA101",68.53,3,20.79,430.33,'25.02.2019',"14:36:00","Ewallet",330.20,0.2,103.31,5.8),
("315-22-5665","C","Normal","Female","HL303",73.22,3,36.86,778.23,'24.02.2019',"11:38:00","Ewallet",588.36,0.2,183.91,8.0),
("665-32-9167","A","Member","Female","HB103",36.3,6,3.61,76.6,'10.01.2019',"17:15:00","Credit card",58.3,0.2,18.11,7.2),
("692-92-5582","B","Member","Female","FB202",54.92,6,8.25,171.26,'20.02.2019',"13:27:00","Credit card",131.8,0.2,41.11,5.9),
("351-62-0822","B","Member","Female","FA102",14.6,3,2.98,60.3,'06.02.2019',"18:07:00","Ewallet",46.2,0.2,14.51,4.5),
("529-56-3974","B","Member","Male","EA101",25.57,5,5.19,10.75,'09.03.2019',"17:03:00","Cash",76.5,0.3,30.61,6.8),
("365-64-0515","A","Normal","Female","EA101",47.66,3,11.75,246.63,'12.02.2019',"10:25:00","Ewallet",176.11,0.3,70.41,7.1),
("252-56-2699","A","Normal","Male","FB202",43.53,2,21.66,453.32,'07.02.2019',"16:48:00","Ewallet",323.21,0.3,129.61,8.2),
("829-34-3910","A","Normal","Female","HB103",71.39,8,35.79,745.98,'29.03.2019',"19:21:00","Cash",535.35,0.3,214.11,5.7),
("299-46-1805","B","Member","Female","ST404",93.40,2,28.18,591.02,'15.01.2019',"16:19:00","Cash",421.28,0.3,168.71,4.5),
("656-95-9349","A","Member","Female","HB103",68.96,6,24.13,501.66,'11.03.2019',"11:03:00","Credit card",361.24,0.3,144.81,4.6),
("765-26-6951","A","Normal","Male","ST404",72.27,7,21.89,456.77,'01.01.2019',"10:39:00","Credit card",326.21,0.3,130.71,6.9),
("329-62-1586","A","Normal","Male","FB202",54.62,3,8.25,173.23,'21.01.2019',"18:00:00","Credit card",123.8,0.3,49.21,8.6),
("319-50-3348","B","Normal","Female","HL303",40.5,3,4.03,84.3,'11.03.2019',"15:30:00","Ewallet",64.4,0.2,20.21,4.4),
("300-71-4605","C","Member","Male","EA101",86.71,3,21.56,454.13,'25.02.2019',"11:24:00","Ewallet",344.21,0.2,107.61,4.8),
("371-85-5789","B","Normal","Male","HB103",88.87,3,13.27,271.73,'05.03.2019',"10:40:00","Ewallet",211.13,0.2,66.01,5.1),
("273-16-6619","B","Normal","Male","HL303",33.1,2,3.36,69.2,'15.03.2019',"12:20:00","Credit card",53.3,0.2,16.61,4.4),
("636-48-8204","A","Normal","Male","EA101",34.41,6,8.62,188.16,'17.02.2019',"11:15:00","Ewallet",138.8,0.2,43.21,9.9),
("549-59-1358","A","Member","Male","ST404",88.59,5,13.33,272.95,'02.03.2019',"17:36:00","Ewallet",212.13,0.2,66.51,6.0),
("227-03-5010","A","Member","Female","HL303",52.01,2,21.00,443.12,'22.03.2019',"19:20:00","Credit card",273.21,0.4,168.31,8.5),
("649-29-6775","B","Normal","Male","FA102",33.2,6,1.77,35.6,'08.02.2019',"15:31:00","Cash",21.1,0.4,13.41,6.7),
("189-17-4241","A","Normal","Female","FA102",87.14,1,8.82,184.41,'10.03.2019',"12:17:00","Credit card",114.8,0.4,70.11,7.7),
("145-94-9061","B","Normal","Female","FB202",88.93,1,22.10,467.31,'25.01.2019',"19:48:00","Cash",287.22,0.4,176.71,9.6),
("848-62-7243","A","Normal","Male","HB103",24.65,8,11.22,235.58,'15.03.2019',"15:36:00","Cash",145.11,0.4,89.61,7.4),
("871-79-8483","B","Normal","Male","FA102",94.74,8,23.54,495.48,'25.02.2019',"19:39:00","Credit card",305.23,0.4,188.31,4.8),
("149-71-6266","B","Member","Male","ST404",78.77,1,35.12,736.71,'28.01.2019',"12:43:00","Cash",456.35,0.4,281.11,4.5),
("640-49-2076","B","Normal","Male","ST404",83.43,6,33.50,705.36,'10.01.2019',"14:49:00","Cash",435.33,0.4,268.11,5.1),
("595-11-5460","A","Normal","Male","HB103",96.12,5,9.74,205.25,'15.03.2019',"10:12:00","Credit card",125.9,0.4,77.31,5.1),
("183-56-6882","C","Member","Female","FB202",99.57,1,19.98,418.71,'06.02.2019',"10:42:00","Ewallet",258.19,0.4,159.11,7.5),
("232-16-2483","C","Member","Female","ST404",68.1,2,3.44,71.2,'07.01.2019',"12:28:00","Ewallet",44.3,0.4,27.31,6.8),
("129-29-8530","A","Member","Male","ST404",62.28,1,15.75,323.81,'10.03.2019',"19:15:00","Ewallet",203.15,0.4,125.21,7.0),
("272-65-1806","A","Normal","Female","EA101",60.65,2,27.48,576.52,'15.01.2019',"17:17:00","Ewallet",356.27,0.4,219.21,4.7),
("333-73-7901","C","Normal","Female","HB103",54.71,3,22.09,461.13,'23.03.2019',"13:24:00","Ewallet",351.22,0.2,109.81,7.6),
("777-82-7220","B","Member","Male","HL303",30.83,7,12.02,252.37,'03.03.2019',"13:01:00","Cash",192.12,0.2,60.21,7.7),
("280-35-5823","B","Member","Female","HL303",86.3,2,4.38,91.2,'17.01.2019',"18:45:00","Ewallet",69.4,0.2,21.71,7.9),
("554-53-8700","C","Member","Male","HL303",56.57,5,5.67,11.75,'02.02.2019',"10:11:00","Cash",89.5,0.2,28.11,6.3),
("354-25-5821","B","Member","Female","ST404",69.25,3,20.78,431.53,'08.02.2019',"13:03:00","Cash",331.20,0.2,103.71,5.6),
("228-96-1411","C","Member","Female","FB202",98.99,2,39.54,821.92,'04.03.2019',"20:39:00","Cash",631.39,0.2,197.41,7.6),
("617-15-4209","C","Member","Male","HB103",15.1,6,1.52,32.6,'16.03.2019',"19:47:00","Cash",24.1,0.2,7.71,7.2),
("132-32-9879","B","Member","Female","EA101",94.34,1,18.88,390.41,'09.03.2019',"18:00:00","Cash",300.18,0.2,94.01,9.5),
("370-41-7321","B","Member","Male","HB103",56.45,3,25.53,538.53,'27.02.2019',"17:24:00","Credit card",408.25,0.2,127.61,8.4),
("727-46-3608","B","Member","Female","FB202",20.49,7,9.06,184.97,'06.02.2019',"15:47:00","Ewallet",144.9,0.2,45.01,4.1),
("669-54-1719","B","Member","Male","EA101",18.59,6,5.77,11.96,'10.02.2019',"12:45:00","Credit card",90.5,0.2,28.41,8.1),
("574-22-5561","C","Member","Female","FA102",82.27,5,41.35,861.75,'19.03.2019',"17:08:00","Ewallet",661.41,0.2,206.61,7.9),
("326-78-5178","C","Member","Male","FB202",91.71,3,32.01,671.13,'03.02.2019',"10:19:00","Cash",511.32,0.2,160.01,9.5),
("162-48-8011","A","Member","Female","FB202",44.44,1,11.10,238.41,'10.02.2019',"15:10:00","Cash",178.11,0.2,55.71,8.5),
("616-24-2851","B","Member","Female","FA102",17.2,6,3.68,75.6,'22.03.2019',"14:42:00","Ewallet",57.3,0.2,17.91,6.5),
("778-71-5554","C","Member","Male","FA102",15.7,7,0.85,16.7,'25.01.2019',"15:46:00","Credit card",11.0,0.3,5.11,6.1),
("242-55-6721","B","Normal","Male","HL303",16.5,2,1.67,33.2,'07.03.2019',"11:49:00","Ewallet",23.1,0.3,10.71,6.5),
("399-46-5918","C","Normal","Female","EA101",86.42,3,34.49,725.23,'28.02.2019',"19:01:00","Cash",495.34,0.3,227.01,8.2),
("106-35-6779","A","Member","Male","HL303",44.3,1,4.47,93.1,'27.03.2019',"11:26:00","Cash",63.4,0.3,29.31,5.8),
("635-40-6220","A","Normal","Male","HB103",89.42,6,35.82,756.26,'07.02.2019',"11:28:00","Ewallet",516.35,0.3,236.51,6.6),
("817-48-8732","A","Member","Female","HL303",72.49,8,36.27,750.98,'20.01.2019',"15:55:00","Cash",520.36,0.3,238.81,5.4),
("120-06-4233","C","Normal","Male","EA101",30.02,1,9.22,192.21,'12.03.2019',"20:36:00","Cash",132.9,0.3,60.61,9.3),
("285-68-5083","C","Member","Female","ST404",24.6,2,3.70,77.2,'15.02.2019',"17:47:00","Credit card",53.3,0.3,24.51,10.0),
("803-83-5989","C","Normal","Male","HL303",55.81,8,16.79,350.18,'24.02.2019',"10:55:00","Ewallet",240.16,0.3,110.41,7.0),
("347-34-2234","B","Member","Female","ST404",55.30,3,24.82,526.03,'03.02.2019',"13:40:00","Ewallet",356.24,0.3,163.61,10.0),
("199-75-8169","A","Member","Male","ST404",15.76,1,7.91,163.61,'06.03.2019',"12:27:00","Credit card",113.7,0.3,52.21,8.6),
("853-23-2453","B","Member","Male","HB103",75.28,8,15.14,318.88,'14.02.2019',"14:35:00","Cash",218.15,0.3,100.01,7.6),
("877-22-3308","A","Member","Male","HB103",15.26,8,7.93,164.68,'13.03.2019',"16:40:00","Cash",114.7,0.3,52.41,5.8),
("838-78-4295","C","Normal","Female","HB103",33.7,8,3.32,70.8,'10.02.2019',"15:43:00","Ewallet",53.3,0.2,16.71,6.7),
("109-28-2512","B","Member","Female","FA102",97.24,1,29.35,618.41,'07.01.2019',"15:01:00","Ewallet",468.29,0.2,146.41,9.9),
("232-11-3025","A","Normal","Male","ST404",78.17,2,39.40,820.72,'24.01.2019',"10:04:00","Cash",630.39,0.2,196.91,6.4),
("382-03-4532","A","Member","Female","HB103",18.0,3,0.95,19.3,'02.02.2019',"18:50:00","Cash",14.0,0.2,4.61,4.3),
("393-65-2792","C","Normal","Male","FB202",89.69,3,44.77,935.93,'06.01.2019',"12:46:00","Credit card",715.44,0.2,223.71,9.6),
("796-12-2025","C","Normal","Male","FA102",62.12,7,31.10,657.27,'11.02.2019',"16:19:00","Cash",497.31,0.2,155.31,5.9),
("510-95-6347","B","Member","Female","FB202",48.92,5,7.33,156.25,'05.03.2019',"18:17:00","Ewallet",116.7,0.2,36.41,4.0),
("841-35-6630","C","Normal","Female","EA101",75.38,8,22.86,474.88,'09.03.2019',"18:21:00","Cash",364.22,0.2,113.91,8.7),
("287-21-9091","A","Normal","Male","HL303",74.25,2,33.60,707.52,'22.01.2019',"10:55:00","Ewallet",537.33,0.2,168.01,9.4),
("732-94-0499","C","Normal","Female","EA101",41.97,7,20.84,433.77,'13.01.2019',"17:04:00","Credit card",333.20,0.2,104.11,5.4),
("263-10-3913","C","Member","Male","FA102",49.13,2,22.19,463.32,'09.01.2019',"14:20:00","Credit card",353.22,0.2,110.31,8.6),
("381-20-0914","A","Member","Female","FA102",20.29,3,9.09,184.93,'12.01.2019',"15:48:00","Credit card",144.9,0.2,45.01,5.7),
("829-49-1914","C","Member","Female","FB202",78.42,8,39.29,826.28,'05.03.2019',"16:24:00","Ewallet",626.39,0.2,195.81,6.6),
("756-01-7507","C","Normal","Female","HB103",20.07,7,5.15,10.77,'22.01.2019',"18:56:00","Cash",81.5,0.2,25.51,6.0),
("870-72-4431","C","Normal","Female","HB103",99.74,8,29.84,626.48,'21.01.2019',"14:42:00","Credit card",476.29,0.2,148.81,5.5),
("847-38-7188","B","Normal","Female","FB202",96.34,8,14.51,302.48,'26.01.2019',"19:56:00","Ewallet",232.14,0.2,72.51,6.4),
("480-63-2856","C","Normal","Male","FB202",19.61,4,7.78,163.14,'23.01.2019',"18:37:00","Ewallet",123.7,0.2,38.51,6.6),
("787-56-0757","C","Member","Female","FB202",80.57,7,16.17,337.77,'23.02.2019',"18:45:00","Credit card",257.16,0.2,80.41,8.3),
("360-39-5055","C","Member","Male","ST404",48.36,3,12.20,255.63,'09.03.2019',"10:17:00","Cash",195.12,0.2,61.11,6.6),
("730-50-9884","C","Normal","Female","ST404",83.50,7,29.18,615.07,'05.03.2019',"14:31:00","Ewallet",465.29,0.2,145.41,4.0),
("362-58-8315","C","Normal","Male","FA102",76.51,3,19.13,406.13,'25.03.2019',"10:23:00","Cash",306.19,0.2,95.71,9.9),
("633-44-8566","A","Member","Male","FB202",49.42,6,17.35,366.26,'27.03.2019',"20:35:00","Credit card",276.17,0.2,86.41,7.3),
("504-35-8843","A","Normal","Male","ST404",42.3,5,2.18,44.5,'02.01.2019',"16:57:00","Cash",34.2,0.2,10.61,5.7),
("318-68-5053","B","Normal","Female","HB103",77.65,3,23.10,489.53,'27.02.2019',"17:55:00","Cash",369.23,0.2,115.51,6.1),
("565-80-5980","C","Member","Female","HL303",47.89,5,9.59,191.95,'23.01.2019',"10:25:00","Cash",151.9,0.2,47.41,7.1),
("225-32-0908","C","Normal","Female","ST404",44.31,2,22.49,478.12,'26.01.2019',"19:54:00","Ewallet",358.22,0.2,112.21,8.2),
("873-51-0671","A","Member","Female","ST404",22.51,8,7.76,16.18,'10.01.2019',"16:42:00","Ewallet",86.7,0.4,75.41,5.1),
("152-08-9985","B","Member","Male","HB103",64.08,1,29.09,604.81,'12.03.2019',"12:09:00","Credit card",324.29,0.4,283.81,8.6),
("512-91-0811","C","Normal","Male","HB103",89.9,5,4.58,94.5,'06.02.2019',"20:05:00","Credit card",50.4,0.4,44.01,6.6),
("594-34-4444","A","Normal","Male","EA101",97.32,5,4.94,10.25,'08.03.2019',"20:38:00","Ewallet",54.4,0.4,47.61,7.2),
("766-85-7061","B","Normal","Male","HB103",87.82,7,43.90,922.27,'29.03.2019',"10:25:00","Ewallet",492.43,0.4,430.61,5.1),
("871-39-9221","C","Normal","Female","EA101",12.3,8,3.72,78.8,'09.02.2019',"13:11:00","Cash",41.3,0.4,36.61,4.1),
("865-92-6136","A","Normal","Male","FB202",52.96,8,7.91,16.68,'23.03.2019',"10:16:00","Ewallet",88.7,0.4,77.51,9.3),
("733-01-9107","B","Normal","Male","HL303",82.01,7,24.81,527.17,'05.03.2019',"18:14:00","Cash",277.24,0.4,243.11,7.4),
("163-56-7055","C","Member","Male","FA102",48.5,1,2.40,51.1,'26.03.2019',"19:20:00","Cash",27.2,0.4,23.91,4.1),
("189-98-2939","C","Normal","Male","FA102",78.92,1,35.39,745.21,'01.03.2019',"13:22:00","Cash",395.35,0.4,346.41,7.2),
("551-21-3069","C","Normal","Female","EA101",23.28,5,10.40,216.85,'01.02.2019',"11:27:00","Cash",116.10,0.4,101.71,4.9),
("212-62-1842","A","Normal","Male","FB202",58.67,2,17.58,365.72,'28.03.2019',"16:44:00","Cash",195.17,0.4,171.31,9.9),
("716-39-1409","B","Normal","Male","HB103",30.33,7,10.64,229.37,'19.03.2019',"18:19:00","Cash",119.10,0.4,104.11,8.0),
("704-48-3927","A","Member","Male","EA101",88.41,7,44.39,936.17,'12.01.2019',"14:50:00","Ewallet",496.44,0.4,434.51,7.3),
("628-34-3388","C","Normal","Male","FA102",27.32,6,8.23,17.26,'05.01.2019',"20:54:00","Credit card",92.8,0.4,80.51,7.9),
("630-74-5166","A","Normal","Male","ST404",62.71,6,18.61,398.16,'22.03.2019',"20:19:00","Cash",208.18,0.4,182.71,7.4),
("588-01-7461","C","Normal","Female","FB202",34.01,5,15.34,321.15,'24.03.2019',"10:43:00","Cash",171.15,0.4,149.91,4.2),
("861-77-0145","C","Member","Male","EA101",82.70,8,41.01,869.08,'03.03.2019',"14:30:00","Cash",459.41,0.4,401.71,9.2),
("479-26-8945","B","Member","Female","ST404",16.2,4,1.69,34.4,'05.02.2019',"11:32:00","Ewallet",18.1,0.4,16.21,4.6),
("210-67-5886","C","Member","Female","HB103",98.69,2,14.78,305.92,'05.02.2019',"10:41:00","Credit card",235.14,0.2,73.71,7.8),
("227-78-1148","B","Normal","Female","FA102",72.75,2,25.51,537.52,'15.02.2019',"12:44:00","Cash",407.25,0.2,127.51,8.4),
("645-44-1170","A","Member","Male","HL303",58.48,6,26.11,548.86,'19.01.2019',"20:07:00","Ewallet",418.26,0.2,130.71,4.3),
("237-01-6122","C","Member","Female","HL303",80.03,2,36.41,761.32,'01.02.2019',"20:31:00","Credit card",581.36,0.2,181.81,9.5),
("225-98-1496","C","Normal","Female","FA102",27.9,2,4.14,85.2,'02.03.2019',"13:01:00","Credit card",64.4,0.2,20.31,7.1),
("291-32-1427","B","Member","Male","FA102",21.35,2,5.54,11.52,'05.03.2019',"12:29:00","Ewallet",87.5,0.2,27.41,5.3),
("659-65-8956","B","Member","Male","FA102",51.6,6,2.69,53.6,'16.01.2019',"15:26:00","Ewallet",41.2,0.2,12.81,5.2),
("642-32-2990","A","Normal","Female","FB202",11.35,6,5.59,11.56,'02.02.2019',"20:48:00","Ewallet",87.5,0.2,27.41,6.0),
("378-24-2715","B","Normal","Male","HL303",53.22,3,5.37,11.23,'20.01.2019',"20:38:00","Ewallet",85.5,0.2,26.71,4.1),
("638-60-7125","A","Normal","Female","EA101",99.66,6,39.81,837.66,'14.02.2019',"17:03:00","Credit card",637.39,0.2,199.11,5.2),
("659-36-1684","C","Member","Male","ST404",57.39,6,20.06,419.96,'12.01.2019',"12:02:00","Credit card",319.20,0.2,100.01,6.5),
("219-22-9386","B","Member","Male","ST404",100.24,2,45.03,949.42,'09.03.2019',"17:26:00","Credit card",719.45,0.2,224.91,4.2),
("336-78-2147","C","Member","Male","HL303",63.76,3,25.61,539.63,'13.03.2019',"19:52:00","Credit card",409.25,0.2,127.81,4.6),
("268-27-6179","B","Member","Female","FA102",56.24,2,22.61,471.42,'09.03.2019',"14:57:00","Ewallet",361.22,0.2,112.91,7.3),
("668-90-8900","A","Normal","Female","HL303",93.98,6,32.89,684.86,'10.03.2019',"18:44:00","Credit card",524.32,0.2,164.01,4.5),
("870-54-3162","A","Normal","Female","ST404",32.59,8,8.11,169.98,'27.01.2019',"13:26:00","Cash",129.8,0.2,40.31,9.0),
("189-08-9157","C","Normal","Female","FA102",31.09,1,14.31,298.91,'08.01.2019',"16:17:00","Credit card",228.14,0.2,71.41,5.9),
("663-86-9076","C","Member","Female","FB202",68.85,6,27.40,578.56,'08.01.2019',"15:57:00","Ewallet",438.27,0.2,137.11,8.5),
("549-84-7482","B","Normal","Female","ST404",90.83,5,40.64,850.35,'08.02.2019',"11:15:00","Ewallet",650.40,0.2,203.11,7.2),
("191-10-6171","B","Normal","Female","FA102",39.11,1,13.91,291.11,'25.01.2019',"13:18:00","Cash",221.13,0.2,69.31,7.5),
("802-70-5316","A","Member","Female","ST404",92.70,8,27.63,582.08,'06.03.2019',"20:34:00","Cash",442.27,0.2,138.21,8.3),
("695-51-0018","B","Normal","Female","ST404",34.56,6,7.00,141.66,'10.02.2019',"18:36:00","Cash",111.7,0.2,34.81,7.4),
("590-83-4591","B","Member","Male","EA101",87.80,5,26.25,559.05,'17.02.2019',"14:40:00","Credit card",419.26,0.2,131.21,8.8),
("483-71-1164","C","Normal","Female","HB103",81.72,4,24.41,510.24,'08.03.2019',"16:43:00","Ewallet",390.24,0.2,122.01,5.3),
("597-78-7908","C","Normal","Male","FA102",90.74,5,13.59,286.45,'18.02.2019',"19:39:00","Cash",216.13,0.2,67.71,6.2),
("700-81-1757","A","Normal","Female","EA101",26.88,7,6.67,135.87,'18.01.2019',"20:59:00","Credit card",105.6,0.2,32.91,8.8),
("354-39-5160","A","Member","Female","HL303",34.36,3,10.31,215.63,'18.02.2019',"15:39:00","Cash",165.10,0.2,51.61,9.8),
("241-72-9525","B","Normal","Male","ST404",51.75,2,26.05,545.52,'16.02.2019',"12:21:00","Cash",415.26,0.2,129.81,8.2),
("575-30-8091","A","Normal","Male","ST404",72.39,5,29.00,604.95,'16.03.2019',"19:25:00","Ewallet",464.29,0.2,145.01,9.2),
("731-81-9469","C","Member","Female","ST404",89.82,7,44.94,948.27,'23.01.2019',"13:00:00","Credit card",718.44,0.2,224.51,5.4),
("280-17-4359","C","Member","Male","HB103",90.10,2,45.33,954.02,'25.01.2019',"13:48:00","Cash",724.45,0.2,226.31,8.1),
("338-65-2210","C","Member","Female","HB103",68.60,3,34.32,728.03,'05.02.2019',"19:57:00","Cash",548.34,0.2,171.51,9.1),
("488-25-4221","C","Member","Female","FB202",30.2,4,1.52,31.4,'22.02.2019',"10:36:00","Credit card",24.1,0.2,7.61,8.4),
("239-10-7476","A","Normal","Female","HL303",78.11,2,23.44,494.12,'21.01.2019',"16:37:00","Ewallet",374.23,0.2,116.91,8.0),
("458-41-1477","C","Normal","Female","HB103",46.41,4,13.94,292.14,'08.03.2019',"17:11:00","Credit card",222.13,0.2,69.41,9.5),
("685-64-1609","A","Member","Female","FA102",30.66,6,15.16,311.66,'10.02.2019',"12:28:00","Ewallet",241.15,0.2,75.41,9.2),
("568-90-5112","C","Normal","Male","HB103",66.97,5,13.21,271.75,'19.03.2019',"12:46:00","Credit card",211.13,0.2,66.11,5.6),
("262-47-2794","B","Member","Male","HL303",71.43,2,28.77,609.32,'06.03.2019',"15:07:00","Credit card",459.28,0.2,143.71,6.2),
("238-49-0436","A","Normal","Male","HB103",32.42,2,13.04,275.22,'27.03.2019',"13:48:00","Credit card",215.13,0.2,57.11,4.9),
("608-96-3517","B","Member","Female","FA102",91.94,6,18.35,383.46,'23.03.2019',"19:20:00","Credit card",303.18,0.2,80.61,4.8),
("584-86-7256","C","Member","Male","ST404",34.84,5,12.12,250.45,'11.03.2019',"16:07:00","Credit card",200.12,0.2,53.21,7.3),
("746-94-0204","A","Normal","Male","FA102",83.96,7,37.52,781.67,'29.01.2019',"11:56:00","Credit card",621.37,0.2,164.81,7.4),
("214-17-6927","C","Normal","Female","FB202",16.13,2,4.99,10.32,'07.02.2019',"18:23:00","Ewallet",82.4,0.2,21.81,9.9),
("400-89-4171","C","Normal","Female","ST404",81.80,4,32.41,687.04,'28.01.2019',"13:05:00","Cash",537.32,0.2,142.51,9.3),
("782-95-9291","A","Member","Male","FB202",92.94,7,23.12,483.47,'20.02.2019',"15:55:00","Credit card",383.23,0.2,101.51,9.0),
("279-74-2924","B","Member","Male","EA101",72.7,2,3.69,75.2,'04.01.2019',"19:40:00","Cash",59.3,0.2,15.91,6.1),
("307-85-2293","B","Normal","Male","HL303",50.84,3,12.62,268.43,'07.03.2019',"13:58:00","Ewallet",208.12,0.2,55.31,9.7),
("743-04-1105","B","Member","Male","HB103",97.08,7,43.71,916.87,'30.03.2019',"14:43:00","Ewallet",726.43,0.2,192.51,6.0),
("423-57-2993","B","Normal","Male","ST404",93.58,4,28.09,585.84,'27.03.2019',"19:18:00","Ewallet",465.28,0.2,123.31,10.0),
("894-41-5205","C","Normal","Female","FB202",43.42,8,17.32,366.28,'19.01.2019',"19:39:00","Credit card",286.17,0.2,76.01,8.3),
("275-28-0149","A","Normal","Male","ST404",63.2,2,3.21,66.2,'25.02.2019',"16:21:00","Cash",52.3,0.2,14.01,6.0),
("101-17-6199","A","Normal","Male","FB202",45.16,1,16.01,336.61,'13.03.2019',"19:44:00","Credit card",266.16,0.2,70.51,7.0),
("423-80-0988","C","Normal","Male","ST404",76.80,4,7.69,166.04,'30.01.2019',"19:42:00","Ewallet",126.7,0.2,33.61,6.5),
("548-46-9322","B","Normal","Male","FB202",39.49,5,20.03,411.95,'20.02.2019',"15:24:00","Credit card",331.20,0.2,87.81,5.9),
("505-02-0892","B","Member","Male","HB103",42.07,5,17.08,352.75,'25.02.2019',"14:12:00","Ewallet",282.17,0.2,74.91,5.6),
("234-65-2137","C","Normal","Male","HL303",95.603,2,47.81,103.032,'16.01.2019',"13:32:00","Cash",793.47,0.2,210.31,4.8),
("687-47-8271","A","Normal","Male","FA102",99.439,6,49.52,101.396,'08.02.2019',"16:20:00","Credit card",821.49,0.2,217.81,8.7),
("796-32-9050","A","Normal","Male","FB202",51.33,7,15.40,325.37,'19.01.2019',"16:31:00","Cash",255.15,0.2,67.71,6.5),
("105-31-1824","A","Member","Male","ST404",69.31,1,24.38,513.11,'01.02.2019',"15:10:00","Credit card",403.24,0.2,107.11,8.5),
("249-42-3782","A","Normal","Male","HB103",70.47,2,17.57,360.72,'03.01.2019',"11:36:00","Ewallet",290.17,0.2,77.01,5.5),
("316-55-4634","B","Member","Male","FB202",80.50,3,20.06,422.03,'26.01.2019',"12:45:00","Credit card",332.20,0.2,88.11,9.4),
("733-33-4967","C","Normal","Male","EA101",20.35,7,8.39,178.57,'03.03.2019',"19:17:00","Cash",138.8,0.2,36.71,6.3),
("608-27-6295","B","Member","Male","EA101",52.23,6,15.92,333.36,'19.01.2019',"17:34:00","Credit card",263.15,0.2,69.81,9.8),
("414-12-7047","B","Normal","Male","FB202",19.16,4,7.90,161.64,'18.01.2019',"12:04:00","Ewallet",131.7,0.2,34.81,8.7),
("827-26-2100","A","Member","Male","HL303",33.29,8,15.21,312.98,'21.03.2019',"16:21:00","Ewallet",252.15,0.2,67.01,8.8),
("175-54-2529","A","Member","Male","FB202",22.56,1,8.95,187.61,'03.03.2019',"17:01:00","Credit card",147.8,0.2,39.01,9.6),
("139-52-2867","C","Normal","Female","FA102",22.55,1,7.98,160.51,'13.02.2019',"10:50:00","Credit card",130.7,0.2,34.71,4.8),
("407-63-8975","A","Normal","Male","FB202",73.65,4,22.29,467.54,'23.03.2019',"19:16:00","Ewallet",367.22,0.2,97.51,4.4),
("342-65-4817","C","Member","Male","HB103",86.63,3,13.08,276.33,'28.01.2019',"16:47:00","Ewallet",216.13,0.2,57.31,9.9),
("130-98-8941","C","Normal","Male","FA102",64.92,1,22.59,473.21,'09.02.2019',"10:00:00","Cash",373.22,0.2,99.01,5.7),
("434-83-9547","C","Member","Male","FB202",38.83,4,15.45,326.34,'23.01.2019',"11:51:00","Cash",246.15,0.2,76.91,7.7),
("851-28-6367","A","Member","Male","ST404",15.22,8,7.83,164.28,'23.03.2019',"10:55:00","Ewallet",124.7,0.2,38.81,8.0),
("824-88-3614","C","Normal","Male","HB103",34.88,8,13.76,289.88,'25.01.2019',"15:00:00","Ewallet",219.13,0.2,68.61,5.7),
("586-25-0848","A","Normal","Female","ST404",12.2,5,4.38,90.5,'04.03.2019',"11:19:00","Credit card",69.4,0.2,21.61,6.7),
("895-66-0685","B","Member","Male","FB202",18.6,8,2.76,57.8,'05.03.2019',"19:46:00","Ewallet",43.2,0.2,13.61,8.0),
("305-14-0245","B","Member","Female","HL303",94.13,3,37.82,794.33,'03.03.2019',"19:00:00","Ewallet",604.37,0.2,189.01,7.5),
("732-04-5373","B","Member","Male","HL303",46.05,7,9.33,198.57,'08.02.2019',"10:53:00","Cash",148.9,0.2,46.51,7.0),
("400-60-7251","A","Normal","Male","HL303",74.6,4,3.72,77.4,'10.02.2019',"12:50:00","Ewallet",59.3,0.2,18.51,9.9),
("593-65-1552","C","Normal","Female","HL303",69.63,5,14.05,293.35,'28.01.2019',"20:50:00","Credit card",223.14,0.2,69.81,5.9),
("284-34-9626","B","Normal","Female","HL303",77.32,2,11.66,244.22,'11.02.2019',"10:39:00","Credit card",184.11,0.2,57.81,7.2),
("437-58-8131","B","Normal","Female","FA102",73.54,4,7.41,157.44,'15.01.2019',"13:41:00","Ewallet",117.7,0.2,36.81,4.6),
("286-43-6208","C","Normal","Female","FB202",87.49,2,39.52,822.92,'16.03.2019',"19:08:00","Cash",632.39,0.2,197.61,9.2),
("641-43-2399","B","Normal","Male","HL303",25.47,6,5.13,10.76,'26.01.2019',"20:23:00","Ewallet",81.5,0.2,25.61,5.7),
("831-07-6050","A","Normal","Male","EA101",32.01,8,8.20,170.18,'19.03.2019',"11:30:00","Credit card",130.8,0.2,40.91,9.9),
("556-86-3144","C","Member","Female","FA102",74.8,5,3.71,78.5,'13.01.2019',"19:30:00","Cash",59.3,0.2,18.61,5.0),
("848-24-9445","C","Member","Male","HB103",43.2,8,4.44,91.8,'26.03.2019',"18:03:00","Cash",69.4,0.2,21.91,4.9),
("856-22-8149","A","Normal","Female","HL303",25.2,8,1.31,26.8,'23.03.2019',"10:13:00","Ewallet",20.1,0.2,6.31,6.1),
("699-01-4164","C","Normal","Male","HB103",41.04,6,8.31,172.46,'12.03.2019',"19:58:00","Credit card",132.8,0.2,41.51,8.2),
("420-11-4919","C","Member","Female","FB202",71.14,4,17.89,375.44,'17.02.2019',"19:57:00","Credit card",285.17,0.2,89.21,5.5),
("606-80-4905","C","Member","Female","ST404",19.80,6,5.79,12.06,'29.01.2019',"10:01:00","Credit card",91.5,0.2,28.71,6.8),
("542-41-0513","B","Member","Female","EA101",57.41,5,11.55,244.15,'15.03.2019',"11:57:00","Cash",184.11,0.2,57.51,6.6),
("426-39-2418","C","Normal","Male","EA101",61.31,4,21.54,453.14,'14.01.2019',"10:02:00","Cash",343.21,0.2,107.51,9.8),
("875-46-5808","B","Member","Male","HB103",25.42,8,13.08,277.28,'06.02.2019',"14:51:00","Ewallet",207.13,0.2,64.81,8.7),
("394-43-4238","B","Member","Male","HL303",17.4,3,4.42,93.3,'15.02.2019',"12:42:00","Credit card",71.4,0.2,22.21,5.4),
("749-24-1565","A","Normal","Female","HB103",23.27,7,10.45,215.77,'03.01.2019',"12:02:00","Ewallet",165.10,0.2,51.81,7.9),
("672-51-8681","C","Member","Female","EA101",66.59,6,30.06,629.96,'04.01.2019',"18:19:00","Credit card",479.30,0.2,150.01,9.7),
("263-87-5680","C","Member","Female","HL303",28.89,2,14.36,298.92,'18.03.2019',"17:38:00","Ewallet",228.14,0.2,71.31,7.8),
("573-58-9734","B","Normal","Female","FA102",30.5,5,4.67,95.5,'28.03.2019',"13:41:00","Ewallet",72.4,0.2,22.81,5.1),
("817-69-8206","B","Normal","Female","EA101",99.62,8,44.92,948.28,'02.03.2019',"19:42:00","Credit card",718.44,0.2,224.41,6.5),
("888-02-0338","A","Normal","Male","EA101",26.07,8,11.83,248.78,'25.01.2019',"20:24:00","Ewallet",188.11,0.2,59.01,5.9),
("677-11-0152","C","Normal","Female","FB202",93.11,6,42.01,881.16,'16.01.2019',"18:08:00","Cash",671.42,0.2,209.81,8.8),
("142-63-6033","B","Normal","Male","HL303",92.64,1,23.10,489.41,'20.03.2019',"19:17:00","Ewallet",369.23,0.2,115.51,4.9),
("656-16-1063","B","Normal","Male","ST404",46.16,6,7.00,141.66,'04.01.2019',"13:24:00","Credit card",111.7,0.2,34.81,4.4),
("891-58-8335","B","Member","Female","ST404",29.57,8,10.43,215.78,'11.03.2019',"15:53:00","Cash",165.10,0.2,51.81,6.5),
("802-43-8934","A","Normal","Male","HL303",18.4,8,0.99,19.8,'22.03.2019',"15:05:00","Credit card",14.0,0.2,4.61,8.3),
("560-30-5617","B","Normal","Female","ST404",24.30,5,6.26,13.05,'24.03.2019',"18:27:00","Cash",99.6,0.2,31.01,8.5),
("319-74-2561","A","Member","Female","EA101",94.78,3,14.25,297.83,'21.02.2019',"16:55:00","Cash",227.14,0.2,71.01,5.5),
("549-03-9315","B","Normal","Male","FA102",94.06,5,37.93,797.65,'12.02.2019',"12:58:00","Ewallet",607.37,0.2,189.71,8.7),
("790-29-1172","B","Normal","Female","FB202",57.20,7,8.61,187.07,'10.03.2019',"18:59:00","Credit card",137.8,0.2,43.01,7.9),
("239-36-3640","B","Normal","Male","EA101",45.35,2,13.66,287.52,'31.01.2019',"13:44:00","Ewallet",217.13,0.2,68.01,6.1),
("468-01-2051","B","Normal","Male","FB202",62.06,4,21.70,457.64,'06.03.2019',"13:46:00","Ewallet",347.21,0.2,108.61,5.4),
("389-25-3394","C","Normal","Male","EA101",11.2,3,3.03,62.3,'17.02.2019',"18:06:00","Cash",47.3,0.2,14.81,9.4),
("279-62-1445","C","Member","Female","FA102",12.6,2,0.64,13.2,'21.02.2019',"12:38:00","Cash",10.0,0.2,3.11,8.2),
("213-72-6612","A","Normal","Male","FB202",43.7,2,4.36,90.2,'20.03.2019',"15:56:00","Cash",69.4,0.2,21.61,6.2),
("746-68-6593","C","Member","Female","ST404",87.63,7,8.75,189.37,'11.01.2019',"14:29:00","Credit card",139.8,0.2,43.61,9.7),
("836-82-5858","B","Member","Male","HB103",69.85,8,31.28,659.58,'26.01.2019',"19:14:00","Ewallet",499.31,0.2,156.11,4.0),
("583-72-1480","C","Member","Male","EA101",37.75,5,7.44,158.55,'31.01.2019',"16:24:00","Ewallet",118.7,0.2,37.11,9.7),
("466-61-5506","B","Member","Female","EA101",90.61,4,27.25,575.14,'26.02.2019',"10:52:00","Cash",435.27,0.2,136.11,5.3),
("721-86-6247","A","Normal","Female","HL303",63.82,7,25.42,535.27,'11.03.2019',"12:55:00","Ewallet",405.25,0.2,126.81,7.4),
("289-65-5721","B","Normal","Female","FA102",81.60,2,8.17,170.02,'26.01.2019',"19:28:00","Cash",130.8,0.2,40.71,6.5),
("545-46-3100","B","Member","Female","EA101",10.4,5,1.61,33.5,'12.03.2019',"13:52:00","Credit card",25.1,0.2,7.91,8.7),
("418-02-5978","B","Normal","Female","HB103",84.04,4,37.89,795.44,'11.02.2019',"10:54:00","Cash",605.37,0.2,189.21,8.0),
("269-04-5750","B","Member","Male","FA102",73.00,2,14.87,316.02,'21.02.2019',"18:31:00","Cash",236.14,0.2,73.81,6.7),
("157-13-5295","A","Member","Male","HB103",51.15,1,26.02,545.51,'09.03.2019',"18:24:00","Ewallet",415.26,0.2,129.91,6.5),
("645-78-8093","A","Normal","Female","ST404",93.75,6,9.30,199.56,'20.01.2019',"18:09:00","Ewallet",149.9,0.2,46.61,4.1),
("211-30-9270","C","Normal","Male","HB103",17.3,2,4.42,91.2,'28.01.2019',"15:16:00","Credit card",69.4,0.2,21.81,4.9),
("755-12-3214","C","Member","Female","FA102",44.12,7,11.12,236.27,'05.03.2019',"17:07:00","Credit card",176.11,0.2,55.31,8.6),
("346-84-3103","B","Member","Female","EA101",13.8,3,3.31,69.3,'02.03.2019',"19:26:00","Cash",52.3,0.2,16.51,4.3),
("478-06-7835","A","Normal","Male","FA102",89.0,4,4.58,94.4,'11.01.2019',"11:20:00","Ewallet",71.4,0.2,22.41,4.9),
("540-11-4336","A","Normal","Male","FB202",24.15,5,11.23,239.55,'11.01.2019',"16:49:00","Credit card",179.11,0.2,56.11,5.6),
("448-81-5016","A","Normal","Male","HB103",59.85,4,6.00,12.54,'11.03.2019',"12:01:00","Credit card",95.6,0.2,29.91,5.8),
("142-72-4741","C","Member","Male","FA102",93.75,1,9.37,199.51,'28.02.2019',"18:37:00","Credit card",149.9,0.2,46.61,6.0),
("217-58-1179","A","Member","Male","HL303",62.53,2,12.51,260.32,'05.01.2019',"11:25:00","Cash",200.12,0.2,62.71,4.2),
("376-02-8238","B","Normal","Male","HL303",93.08,3,37.52,780.83,'02.02.2019',"18:42:00","Credit card",600.37,0.2,187.71,8.3),
("530-90-9855","A","Member","Male","HL303",47.99,5,19.08,394.95,'01.01.2019',"14:47:00","Cash",304.19,0.2,95.21,5.7),
("866-05-7563","B","Member","Female","EA101",81.06,8,12.25,255.68,'09.02.2019',"19:43:00","Cash",195.12,0.2,61.11,4.8),
("604-70-6476","A","Member","Male","FA102",17.7,6,4.54,94.6,'23.01.2019',"14:04:00","Ewallet",71.4,0.2,22.41,6.8),
("799-71-1548","A","Member","Male","EA101",77.76,7,15.55,328.67,'07.01.2019',"16:11:00","Credit card",248.15,0.2,77.71,8.8),
("785-13-7708","B","Normal","Male","FB202",73.17,7,25.67,539.77,'14.01.2019',"19:06:00","Credit card",409.25,0.2,127.91,4.2),
("845-51-0542","B","Member","Male","FB202",46.59,8,20.95,435.98,'02.02.2019',"15:34:00","Ewallet",335.20,0.2,104.71,6.4),
("662-47-5456","C","Member","Male","FA102",35.49,6,17.64,361.96,'17.03.2019',"19:06:00","Credit card",281.17,0.2,88.01,8.4),
("883-17-4236","C","Normal","Female","ST404",14.1,8,1.42,30.8,'02.03.2019',"19:44:00","Credit card",23.1,0.2,7.21,7.2),
("290-68-2984","A","Normal","Male","HL303",23.6,2,4.89,99.2,'16.03.2019',"11:22:00","Cash",76.4,0.2,23.81,5.2),
("704-11-6354","A","Member","Male","HL303",58.14,7,23.63,497.47,'06.01.2019',"11:23:00","Cash",377.23,0.2,117.81,8.9),
("110-48-7033","B","Member","Male","FA102",32.47,1,6.50,134.71,'29.01.2019',"14:12:00","Cash",104.6,0.2,32.61,9.0),
("366-93-0948","A","Member","Male","EA101",66.9,3,3.39,69.3,'31.01.2019',"10:46:00","Credit card",53.3,0.2,16.61,9.7),
("729-09-9681","A","Member","Male","HL303",25.03,7,7.86,164.37,'05.02.2019',"10:16:00","Ewallet",124.7,0.2,38.91,8.7),
("151-16-1484","A","Member","Male","EA101",32.15,1,6.54,133.51,'13.02.2019',"12:38:00","Ewallet",103.6,0.2,32.31,6.5),
("380-94-4661","C","Member","Male","EA101",65.96,3,13.26,271.63,'07.02.2019',"13:05:00","Credit card",211.13,0.2,65.91,6.9),
("850-41-9669","A","Normal","Female","EA101",75.49,8,33.86,700.98,'19.03.2019',"13:25:00","Ewallet",540.33,0.2,168.91,6.2),
("821-07-3596","C","Normal","Female","FA102",16.0,8,3.35,69.8,'07.03.2019',"14:53:00","Ewallet",52.3,0.2,16.51,5.6),
("655-85-5130","B","Member","Female","FA102",38.80,6,7.71,162.06,'13.03.2019',"19:22:00","Cash",122.7,0.2,38.31,5.7),
("447-15-7839","A","Member","Female","ST404",22.13,4,11.18,237.34,'09.02.2019',"11:00:00","Cash",177.11,0.2,55.61,4.2),
("154-74-7179","B","Normal","Male","ST404",54.7,1,2.71,57.1,'26.02.2019',"19:24:00","Ewallet",43.2,0.2,13.61,7.9),
("253-12-6086","A","Member","Female","ST404",98.13,2,34.40,721.32,'12.03.2019',"12:43:00","Credit card",551.34,0.2,172.21,8.7),
("808-65-0703","C","Normal","Male","HL303",35.69,8,7.17,143.98,'14.03.2019',"17:22:00","Credit card",113.7,0.2,35.51,6.9),
("571-94-0759","B","Member","Female","FB202",74.93,5,37.37,786.35,'08.01.2019',"20:55:00","Cash",596.37,0.2,186.51,9.5),
("144-51-6085","A","Member","Male","HL303",70.57,1,14.10,296.71,'05.01.2019',"16:05:00","Credit card",226.14,0.2,70.71,4.4),
("731-14-2199","A","Member","Female","HL303",35.13,7,17.81,374.37,'04.01.2019',"13:34:00","Ewallet",284.17,0.2,88.91,7.0),
("783-09-1637","B","Normal","Female","ST404",67.04,7,16.96,359.47,'06.03.2019',"18:13:00","Ewallet",269.16,0.2,84.31,6.3),
("687-15-1097","C","Member","Female","HB103",21.1,6,2.10,44.6,'03.01.2019',"19:17:00","Cash",33.2,0.2,10.61,9.7),
("126-54-1082","A","Member","Female","HL303",21.53,1,9.70,205.31,'07.01.2019',"11:44:00","Credit card",155.9,0.2,48.51,8.8),
("633-91-1052","A","Normal","Female","HL303",12.9,6,1.20,25.6,'27.01.2019',"15:51:00","Cash",19.1,0.2,6.01,5.1),
("477-24-6490","B","Normal","Female","HB103",99.28,4,29.94,628.84,'26.02.2019',"16:52:00","Ewallet",478.29,0.2,149.61,7.9),
("566-19-5475","B","Normal","Male","FA102",48.12,5,16.84,358.25,'07.01.2019',"20:52:00","Cash",268.16,0.2,84.01,6.2),
("526-86-8552","C","Member","Female","HL303",21.89,5,10.95,224.95,'07.01.2019',"17:36:00","Cash",174.10,0.2,54.61,7.1),
("376-56-3573","C","Normal","Female","FA102",95.50,3,19.15,405.03,'02.02.2019',"13:23:00","Ewallet",305.19,0.2,95.41,6.4),
("537-72-0426","C","Member","Male","FA102",71.75,5,35.54,747.55,'20.03.2019',"16:28:00","Cash",567.35,0.2,177.51,5.7),
("828-61-5674","A","Member","Male","ST404",44.62,8,22.06,462.28,'20.03.2019',"19:57:00","Credit card",352.22,0.2,110.11,9.6),
("136-08-6195","A","Normal","Female","HL303",70.07,1,28.01,587.71,'15.02.2019',"17:01:00","Credit card",447.28,0.2,139.91,6.4),
("523-38-0215","C","Normal","Male","HL303",37.3,5,1.92,38.5,'06.03.2019',"13:29:00","Credit card",29.1,0.2,9.31,7.9),
("490-29-1201","A","Normal","Female","ST404",15.2,4,0.82,16.4,'06.01.2019',"11:09:00","Cash",12.0,0.2,3.81,6.5),
("667-92-0055","A","Member","Male","HB103",99.98,6,29.90,629.86,'04.03.2019',"15:02:00","Ewallet",479.29,0.2,149.81,8.5),
("565-17-3836","A","Member","Female","HB103",47.10,5,9.58,202.05,'12.03.2019',"14:21:00","Cash",152.9,0.2,47.71,9.1),
("498-41-1961","B","Normal","Male","HB103",66.40,4,16.79,356.04,'20.02.2019',"18:01:00","Cash",266.16,0.2,83.41,7.6),
("593-95-4461","C","Member","Male","HL303",74.9,5,3.74,78.5,'24.03.2019',"14:49:00","Cash",59.3,0.2,18.71,6.9),
("226-71-3580","C","Normal","Female","ST404",23.74,2,10.75,221.42,'31.01.2019',"12:02:00","Cash",171.10,0.2,53.41,9.5),
("283-79-9594","B","Normal","Female","FB202",48.76,2,17.05,351.62,'25.01.2019',"13:30:00","Credit card",271.17,0.2,84.91,5.2),
("430-60-3493","A","Member","Female","HL303",94.67,4,33.24,691.74,'03.02.2019',"14:38:00","Cash",531.33,0.2,166.01,4.2),
("139-20-0155","B","Member","Male","EA101",40.23,1,20.21,422.31,'24.01.2019',"17:37:00","Credit card",322.20,0.2,100.81,7.0),
("558-80-4082","C","Normal","Male","EA101",27.84,5,9.70,206.45,'14.03.2019',"17:20:00","Ewallet",156.9,0.2,48.71,6.0),
("278-97-7759","A","Member","Female","EA101",62.9,2,3.17,65.2,'18.02.2019',"20:29:00","Cash",50.3,0.2,15.61,4.7),
("316-68-6352","A","Member","Female","FB202",36.6,3,3.63,76.3,'21.01.2019',"10:00:00","Cash",58.3,0.2,18.21,7.1),
("585-03-5943","B","Normal","Male","HB103",18.00,5,9.19,194.05,'13.03.2019',"11:46:00","Ewallet",144.9,0.2,45.31,5.9),
("211-05-0490","C","Member","Female","EA101",51.02,2,13.04,277.22,'03.03.2019',"13:42:00","Cash",207.13,0.2,64.91,7.5),
("727-75-6477","C","Normal","Male","EA101",28.71,7,5.84,12.17,'29.03.2019',"14:44:00","Cash",92.5,0.2,28.81,6.4),
("744-02-5987","A","Member","Male","HL303",78.03,7,23.59,496.37,'10.01.2019',"14:16:00","Ewallet",376.23,0.2,117.61,5.8),
("307-83-9164","A","Member","Male","HL303",60.82,3,12.01,252.23,'25.01.2019',"15:54:00","Cash",192.12,0.2,60.01,4.5),
("779-06-0012","C","Member","Female","HL303",88.0,7,4.40,93.7,'19.01.2019',"10:21:00","Cash",70.4,0.2,22.21,7.7),
("446-47-6729","C","Normal","Male","FA102",99.49,4,10.07,209.94,'02.01.2019',"18:09:00","Credit card",159.10,0.2,49.91,6.7),
("573-10-3877","B","Member","Male","HB103",39.1,5,2.08,41.5,'12.03.2019',"16:46:00","Credit card",31.2,0.2,9.81,4.7),
("735-06-4124","C","Normal","Male","FB202",48.0,7,2.41,51.7,'25.02.2019',"15:31:00","Cash",38.2,0.2,12.21,4.4),
("439-54-7422","A","Normal","Female","EA101",51.55,4,10.24,213.54,'18.03.2019',"17:15:00","Credit card",163.10,0.2,51.21,4.7),
("396-90-2219","B","Normal","Female","EA101",15.95,3,6.02,12.53,'23.02.2019',"12:29:00","Cash",95.6,0.2,29.91,8.6),
("411-77-0180","A","Member","Male","EA101",72.70,4,25.31,534.04,'26.03.2019',"20:14:00","Ewallet",404.25,0.2,126.41,4.3),
("286-01-5402","A","Normal","Female","ST404",40.05,2,14.14,295.52,'30.03.2019',"13:22:00","Cash",225.14,0.2,70.41,9.6),
("803-17-8013","A","Member","Female","HL303",88.15,8,35.50,748.58,'17.02.2019',"17:09:00","Cash",568.35,0.2,177.61,4.1),
("512-98-1403","A","Member","Female","EA101",26.9,5,4.04,83.5,'21.03.2019',"10:40:00","Ewallet",63.4,0.2,19.91,4.7),
("848-42-2560","A","Normal","Female","FA102",81.42,8,8.25,171.28,'05.03.2019',"17:43:00","Cash",131.8,0.2,41.01,7.8),
("532-59-7201","B","Member","Male","ST404",79.53,5,24.02,503.35,'31.01.2019',"14:04:00","Cash",383.24,0.2,119.91,5.5),
("181-94-6432","C","Member","Male","FA102",69.95,1,6.94,140.51,'05.02.2019',"19:05:00","Ewallet",110.6,0.2,34.71,9.7),
("870-76-1733","A","Member","Female","FB202",14.7,8,3.67,74.8,'01.02.2019',"10:08:00","Credit card",56.3,0.2,17.81,4.4),
("423-64-4619","A","Member","Female","HB103",15.66,4,7.06,142.64,'07.03.2019',"13:12:00","Cash",112.7,0.2,35.01,5.0),
("227-07-4446","C","Member","Female","EA101",78.00,2,39.14,825.02,'10.02.2019',"20:51:00","Cash",625.39,0.2,195.31,4.4),
("174-36-3675","C","Member","Male","FB202",99.38,1,9.96,209.81,'14.02.2019',"17:29:00","Cash",159.9,0.2,49.71,5.2),
("428-83-5800","C","Member","Female","FB202",21.8,4,3.28,66.4,'09.02.2019',"10:25:00","Cash",50.3,0.2,15.81,7.3),
("603-07-0961","C","Member","Male","EA101",74.02,6,18.79,399.26,'10.01.2019',"11:34:00","Cash",299.18,0.2,93.51,4.9),
("704-20-4138","C","Member","Female","HB103",29.28,7,10.41,216.87,'11.03.2019',"18:58:00","Credit card",166.10,0.2,51.91,8.1),
("787-15-1757","C","Member","Male","HB103",44.15,7,8.87,181.57,'18.02.2019',"16:28:00","Ewallet",141.8,0.2,44.11,8.4),
("649-11-3678","C","Normal","Female","FB202",22.16,6,10.36,215.66,'26.02.2019',"20:26:00","Cash",165.10,0.2,51.61,5.5),
("622-20-1945","C","Normal","Female","HB103",39.2,6,2.09,41.6,'18.01.2019',"15:08:00","Cash",31.2,0.2,9.91,8.4),
("372-94-8041","A","Normal","Male","HB103",15.9,3,4.60,96.3,'15.02.2019',"18:03:00","Ewallet",73.4,0.2,22.91,9.8),
("563-91-7120","A","Normal","Female","FA102",61.94,5,15.41,327.45,'08.03.2019',"13:21:00","Cash",247.15,0.2,77.21,6.7),
("746-54-5508","A","Normal","Male","HL303",21.55,7,6.55,133.57,'17.01.2019',"12:48:00","Credit card",103.6,0.2,32.31,9.4),
("276-54-0879","B","Normal","Male","ST404",97.50,2,19.58,412.02,'12.03.2019',"19:53:00","Ewallet",312.19,0.2,97.71,6.4),
("815-11-1168","A","Member","Male","FB202",99.13,8,24.91,529.38,'09.03.2019',"19:09:00","Cash",399.24,0.2,124.71,5.4),
("719-76-3868","C","Member","Male","FB202",94.75,7,18.98,391.57,'12.03.2019',"16:30:00","Cash",301.18,0.2,94.31,8.6),
("730-61-8757","B","Member","Male","HB103",51.64,7,10.27,213.47,'25.01.2019',"10:11:00","Credit card",163.10,0.2,51.11,4.0),
("340-66-0321","A","Member","Male","EA101",36.62,3,7.33,156.23,'25.03.2019',"13:07:00","Cash",116.7,0.2,36.41,7.6),
("868-81-1752","B","Normal","Male","HL303",22.88,8,9.97,208.88,'07.02.2019',"18:48:00","Cash",158.9,0.2,49.61,6.8),
("634-97-8956","A","Normal","Male","FB202",32.93,6,4.99,10.36,'17.02.2019',"17:27:00","Credit card",79.4,0.2,24.71,9.1),
("566-71-1091","A","Normal","Male","FA102",77.74,5,19.30,408.45,'03.02.2019',"15:59:00","Cash",308.19,0.2,96.31,5.5),
("442-48-3607","A","Member","Male","FB202",23.4,4,2.36,49.4,'14.03.2019',"11:21:00","Credit card",37.2,0.2,11.71,7.9),
("835-16-0096","C","Member","Male","ST404",14.1,8,3.70,77.8,'24.03.2019',"13:48:00","Ewallet",58.3,0.2,18.41,8.5),
("527-09-6272","A","Member","Female","EA101",28.09,5,7.12,143.95,'21.03.2019',"10:17:00","Credit card",113.7,0.2,35.61,9.1),
("898-04-2717","A","Normal","Male","FA102",76.02,8,34.47,720.28,'19.03.2019',"15:49:00","Ewallet",550.34,0.2,171.91,7.5),
("692-27-8933","B","Normal","Female","ST404",58.25,6,17.49,368.56,'24.02.2019',"13:02:00","Cash",278.17,0.2,86.91,5.2),
("633-09-3463","C","Normal","Female","EA101",47.00,6,7.14,154.06,'28.03.2019',"12:58:00","Credit card",114.7,0.2,35.71,9.5),
("374-17-3652","B","Member","Female","FB202",42.14,3,19.36,408.43,'05.02.2019',"15:26:00","Credit card",308.19,0.2,96.41,8.9),
("378-07-7001","B","Member","Male","EA101",48.01,3,7.20,155.13,'10.02.2019',"18:23:00","Credit card",115.7,0.2,36.11,7.8),
("433-75-6987","B","Member","Female","HB103",56.71,4,19.69,413.14,'05.03.2019',"19:06:00","Ewallet",313.19,0.2,98.01,8.9),
("873-95-4984","B","Member","Female","HB103",76.95,8,26.99,560.58,'15.02.2019',"20:21:00","Cash",430.26,0.2,134.61,7.7),
("416-13-5917","C","Normal","Female","FB202",97.19,4,24.39,508.94,'30.01.2019',"16:24:00","Ewallet",388.24,0.2,121.31,9.3),
("150-89-8043","A","Normal","Male","ST404",44.80,1,6.70,147.01,'14.02.2019',"15:04:00","Cash",107.6,0.2,33.51,6.2),
("135-84-8019","A","Normal","Female","FA102",77.86,1,35.10,731.61,'27.02.2019',"16:10:00","Ewallet",561.35,0.2,175.31,7.6),
("441-94-7118","A","Member","Male","EA101",72.9,4,3.61,75.4,'04.02.2019',"12:14:00","Cash",57.3,0.2,18.01,7.3),
("725-96-3778","C","Member","Female","HL303",89.99,7,35.77,741.97,'20.01.2019',"10:13:00","Cash",571.35,0.2,178.51,4.7),
("531-80-1784","A","Normal","Male","EA101",26.81,5,9.17,195.15,'28.03.2019',"17:38:00","Cash",145.9,0.2,45.51,5.1),
("400-45-1220","B","Normal","Female","HB103",13.41,4,6.82,148.14,'27.02.2019',"11:06:00","Credit card",108.6,0.2,33.81,4.8),
("860-79-0874","C","Member","Female","FA102",99.742,8,49.78,104.428,'15.02.2019',"14:53:00","Credit card",794.49,0.2,248.31,6.6),
("834-61-8124","A","Normal","Male","EA101",51.69,8,18.11,379.98,'26.01.2019',"18:22:00","Cash",289.18,0.2,90.51,5.5),
("115-99-4379","B","Member","Female","FA102",54.92,1,19.23,406.21,'14.03.2019',"19:02:00","Credit card",306.19,0.2,95.81,8.5),
("565-67-6697","B","Member","Male","HL303",27.65,5,12.26,254.55,'02.03.2019',"14:16:00","Cash",194.12,0.2,60.81,4.8),
("320-49-6392","C","Normal","Female","EA101",30.4,3,1.53,31.3,'04.03.2019',"15:44:00","Cash",24.1,0.2,7.61,8.4),
("889-04-9723","B","Member","Female","FB202",89.04,8,17.87,375.48,'07.01.2019',"12:20:00","Credit card",285.17,0.2,89.11,7.8),
("632-90-0281","C","Normal","Female","FA102",37.94,6,18.82,390.46,'08.03.2019',"20:01:00","Credit card",300.18,0.2,93.91,9.3),
("554-42-2417","C","Normal","Female","ST404",95.402,5,47.74,103.025,'09.01.2019',"13:45:00","Cash",763.47,0.2,238.61,5.2),
("453-63-6187","B","Normal","Male","EA101",27.6,4,4.11,86.4,'01.03.2019',"15:40:00","Ewallet",66.4,0.2,20.61,6.5),
("578-80-7669","B","Normal","Male","ST404",75.8,5,3.76,78.5,'16.03.2019',"16:58:00","Cash",60.3,0.2,18.71,5.6),
("612-36-5536","A","Member","Male","FB202",81.30,6,32.45,688.06,'17.02.2019',"11:12:00","Credit card",518.32,0.2,161.91,7.4),
("605-72-4132","C","Normal","Female","FB202",94.73,6,37.81,794.36,'27.02.2019',"15:12:00","Cash",604.37,0.2,188.91,9.1),
("471-41-2823","C","Normal","Male","FB202",99.49,4,10.08,209.94,'07.03.2019',"20:37:00","Ewallet",159.10,0.2,49.91,8.0),
("462-67-9126","A","Normal","Male","HL303",73.61,4,22.01,461.14,'21.01.2019',"17:44:00","Cash",351.22,0.2,109.81,7.2),
("272-27-9238","C","Normal","Female","FB202",41.23,2,8.22,172.32,'19.02.2019',"16:23:00","Cash",132.8,0.2,41.21,7.1),
("834-25-9262","C","Normal","Female","FA102",81.23,8,16.32,341.38,'06.01.2019',"12:12:00","Cash",261.16,0.2,81.71,9.1),
("122-61-9553","C","Normal","Female","EA101",51.65,1,23.15,489.51,'14.03.2019',"19:33:00","Cash",369.23,0.2,115.51,5.6),
("468-88-0009","A","Member","Male","HL303",65.86,4,13.20,271.64,'24.03.2019',"10:29:00","Cash",211.13,0.2,65.91,6.0),
("613-59-9758","C","Normal","Female","ST404",14.50,6,7.27,154.06,'27.01.2019',"14:28:00","Cash",114.7,0.2,35.91,5.4),
("254-31-0042","A","Member","Male","EA101",21.33,2,9.70,204.32,'06.03.2019',"12:46:00","Credit card",154.9,0.2,48.41,7.8),
("201-86-2184","B","Member","Female","EA101",26.83,2,9.21,197.32,'02.02.2019',"19:40:00","Cash",147.9,0.2,46.01,9.9),
("261-12-8671","B","Normal","Female","FA102",61.18,2,6.16,12.82,'25.01.2019',"19:39:00","Credit card",97.6,0.2,30.51,4.9),
("730-70-9830","C","Normal","Female","HL303",70.71,7,21.08,446.17,'14.03.2019',"17:54:00","Ewallet",336.21,0.2,105.21,5.2),
("382-25-8917","C","Normal","Male","FA102",42.25,3,12.69,262.53,'29.01.2019',"12:25:00","Cash",202.12,0.2,63.11,8.9),
("422-29-8786","A","Normal","Female","HL303",67.22,4,16.87,358.24,'03.01.2019',"16:47:00","Credit card",268.16,0.2,83.91,9.1),
("667-23-5919","A","Member","Female","FA102",96.27,6,24.29,506.76,'14.01.2019',"12:52:00","Ewallet",386.24,0.2,120.91,7.0),
("843-01-4703","B","Member","Female","HL303",35.04,8,15.97,334.48,'05.01.2019',"19:50:00","Credit card",254.15,0.2,79.61,9.6),
("743-88-1662","C","Normal","Male","ST404",95.81,7,33.46,704.17,'22.02.2019',"18:17:00","Ewallet",534.33,0.2,167.11,8.7),
("595-86-2894","C","Member","Male","FA102",97.87,5,19.48,400.75,'06.02.2019',"17:20:00","Ewallet",310.19,0.2,97.01,9.4),
("182-69-8360","B","Normal","Female","EA101",23.6,1,4.73,99.1,'30.01.2019',"13:32:00","Credit card",75.4,0.2,23.71,4.0),
("289-15-7034","A","Member","Male","ST404",82.15,2,16.50,343.52,'11.01.2019',"10:37:00","Credit card",263.16,0.2,82.31,7.5),
("462-78-5240","C","Normal","Female","EA101",26.7,4,2.72,55.4,'19.03.2019',"14:35:00","Cash",42.2,0.2,13.31,4.2),
("868-52-7573","B","Normal","Female","FB202",99.53,8,24.95,528.38,'14.01.2019',"12:09:00","Cash",398.24,0.2,124.61,9.9),
("153-58-4872","C","Member","Female","FB202",74.54,1,15.08,319.41,'01.03.2019',"15:32:00","Ewallet",239.15,0.2,74.91,4.2),
("662-72-2873","A","Normal","Female","FB202",40.74,6,10.28,213.46,'06.01.2019',"13:58:00","Ewallet",163.10,0.2,51.21,9.9),
("525-88-7307","B","Member","Male","ST404",75.8,5,3.83,79.5,'31.01.2019',"13:19:00","Cash",60.3,0.2,19.01,5.8),
("689-16-9784","C","Normal","Male","FB202",46.14,6,14.07,294.46,'11.03.2019',"13:37:00","Cash",224.14,0.2,70.21,6.0),
("725-56-0833","A","Normal","Female","HB103",32.59,7,16.28,338.97,'20.02.2019',"16:49:00","Credit card",258.16,0.2,80.81,10.0),
("394-41-0748","C","Member","Female","FA102",54.41,3,24.37,519.13,'27.01.2019',"14:55:00","Ewallet",389.24,0.2,121.71,9.5),
("596-42-3999","B","Normal","Male","FB202",18.43,5,6.49,132.35,'10.03.2019',"14:04:00","Credit card",102.6,0.2,31.91,6.6),
("541-89-9860","C","Member","Female","FA102",80.83,5,12.18,253.35,'15.02.2019',"12:31:00","Cash",193.12,0.2,60.41,8.1),
("173-82-9529","B","Normal","Female","FA102",38.88,1,19.05,393.81,'26.01.2019',"14:51:00","Cash",303.19,0.2,94.91,9.7),
("563-36-9814","A","Member","Male","EA101",76.3,5,3.88,80.5,'13.02.2019',"18:27:00","Ewallet",61.3,0.2,19.21,7.2),
("308-47-4913","A","Member","Female","ST404",52.48,3,26.19,548.83,'09.03.2019',"12:45:00","Credit card",418.26,0.2,130.71,6.2),
("885-17-6250","A","Normal","Female","HB103",79.1,8,4.02,83.8,'06.03.2019',"10:36:00","Ewallet",63.4,0.2,19.91,7.3),
("726-27-2396","A","Normal","Female","HB103",77.26,7,19.43,400.67,'24.01.2019',"20:36:00","Ewallet",310.19,0.2,96.91,4.3),
("316-01-3952","A","Normal","Female","FB202",54.04,3,13.69,287.43,'13.03.2019',"14:16:00","Ewallet",217.13,0.2,67.81,4.6),
("760-54-1821","B","Normal","Male","HL303",13.58,7,6.18,12.87,'15.03.2019',"10:26:00","Cash",97.6,0.2,30.61,5.8),
("793-10-3222","B","Member","Female","HB103",41.18,7,12.32,257.87,'05.03.2019',"13:30:00","Credit card",197.12,0.2,61.61,8.3),
("346-12-3257","B","Member","Male","EA101",19.11,3,8.72,188.13,'04.03.2019',"16:28:00","Cash",138.8,0.2,43.31,8.0),
("110-05-6330","C","Normal","Female","FB202",39.08,1,11.83,249.81,'25.03.2019',"20:18:00","Credit card",189.11,0.2,59.21,9.4),
("651-61-0874","C","Normal","Male","HL303",46.64,6,9.28,197.46,'12.03.2019',"20:04:00","Credit card",147.9,0.2,46.21,6.2),
("236-86-3015","C","Member","Male","HL303",14.8,2,0.70,14.2,'04.02.2019',"13:38:00","Ewallet",11.0,0.2,3.51,9.8),
("831-64-0259","B","Normal","Female","FA102",39.68,8,9.92,209.88,'22.02.2019',"10:43:00","Ewallet",159.9,0.2,49.71,9.6),
("587-03-7455","C","Member","Female","FA102",97.08,5,34.24,717.85,'16.02.2019',"17:30:00","Ewallet",547.34,0.2,171.11,4.9),
("882-40-4577","A","Member","Male","ST404",67.42,8,13.55,285.28,'19.01.2019',"15:28:00","Credit card",215.13,0.2,67.31,8.0),
("732-67-5346","A","Normal","Male","FB202",13.6,7,3.43,72.7,'11.01.2019',"19:07:00","Credit card",55.3,0.2,17.21,7.8),
("725-32-9708","B","Member","Female","FA102",68.38,7,13.77,289.87,'04.01.2019',"19:01:00","Cash",219.13,0.2,68.71,4.1),
("256-08-8343","A","Normal","Female","HL303",56.07,2,11.33,230.72,'04.03.2019',"19:48:00","Ewallet",180.11,0.2,56.51,5.5),
("372-26-1506","C","Normal","Female","FA102",23.25,3,6.05,12.53,'28.01.2019',"19:24:00","Ewallet",95.6,0.2,29.81,5.4),
("244-08-0162","B","Normal","Female","HB103",34.09,2,17.11,353.92,'02.01.2019',"13:00:00","Cash",273.17,0.2,85.51,5.1),
("569-71-4390","B","Normal","Male","ST404",21.7,5,2.23,45.5,'25.01.2019',"14:29:00","Ewallet",35.2,0.2,10.91,6.9),
("132-23-6451","A","Member","Male","HB103",21.20,1,5.24,11.01,'04.01.2019',"13:21:00","Cash",83.5,0.2,26.21,7.8),
("696-90-2548","A","Normal","Male","ST404",25.9,6,3.95,81.6,'10.03.2019',"18:55:00","Ewallet",62.3,0.2,19.41,6.6),
("472-15-9636","A","Normal","Male","HL303",50.17,4,20.46,426.74,'22.03.2019',"19:36:00","Ewallet",326.20,0.2,101.91,9.2),
("268-03-6164","B","Normal","Male","HB103",96.00,2,4.81,10.02,'25.01.2019',"16:28:00","Ewallet",76.4,0.2,24.01,7.8),
("750-57-9686","C","Normal","Female","HL303",45.50,7,9.16,195.07,'08.01.2019',"13:48:00","Credit card",145.9,0.2,45.41,8.7),
("186-09-3669","C","Member","Female","HB103",81.0,1,4.16,85.1,'22.01.2019',"10:57:00","Ewallet",65.4,0.2,20.41,9.2),
("848-07-1692","B","Normal","Female","HB103",57.00,8,5.76,12.08,'12.01.2019',"17:13:00","Ewallet",91.5,0.2,28.61,8.3),
("745-71-3520","A","Member","Female","EA101",25.75,7,8.85,181.57,'04.02.2019',"10:23:00","Cash",141.8,0.2,44.11,8.2),
("266-76-6436","C","Member","Female","FB202",38.71,2,5.84,12.12,'28.03.2019',"13:57:00","Ewallet",92.5,0.2,29.01,7.5),
("740-22-2500","C","Normal","Female","EA101",84.24,7,12.65,261.47,'23.01.2019',"13:29:00","Cash",201.12,0.2,63.01,9.8),
("271-88-8734","C","Member","Female","FA102",97.820,2,48.67,107.202,'08.02.2019',"13:00:00","Credit card",777.48,0.2,243.01,8.7),
("301-81-8610","B","Member","Male","FA102",25.83,3,10.26,212.33,'19.03.2019',"19:42:00","Credit card",162.10,0.2,50.81,6.7),
("489-64-4354","C","Normal","Male","FA102",16.6,4,0.83,17.4,'09.03.2019',"15:36:00","Cash",13.0,0.2,4.11,5.0),
("198-84-7132","B","Member","Male","FA102",40.83,1,18.31,382.31,'02.01.2019',"13:40:00","Cash",292.18,0.2,91.41,7.0),
("269-10-8440","A","Member","Male","HB103",53.10,2,18.64,397.02,'21.01.2019',"18:01:00","Cash",297.18,0.2,93.11,8.9),
("650-98-6268","B","Member","Female","FB202",20.9,6,3.12,65.6,'20.03.2019',"13:53:00","Credit card",50.3,0.2,15.71,8.0),
("741-73-3559","B","Normal","Male","ST404",67.73,7,16.85,359.37,'27.02.2019',"17:27:00","Cash",269.16,0.2,84.11,6.9),
("325-77-6186","A","Member","Female","HL303",90.71,3,45.31,955.13,'08.03.2019',"10:53:00","Ewallet",725.45,0.2,226.61,7.3),
("286-75-7818","B","Normal","Male","FA102",69.75,2,6.98,140.52,'31.01.2019',"19:48:00","Credit card",110.6,0.2,34.51,6.9),
("574-57-9721","C","Normal","Male","FB202",43.5,5,4.37,90.5,'08.03.2019',"16:53:00","Ewallet",69.4,0.2,21.61,5.7),
("459-50-7686","A","Normal","Female","EA101",23.57,4,7.06,142.74,'13.01.2019',"19:14:00","Ewallet",112.7,0.2,35.21,6.4),
("616-87-0016","B","Normal","Male","FA102",95.82,6,33.40,705.26,'09.03.2019',"14:36:00","Credit card",535.33,0.2,167.21,9.6),
("837-55-7229","B","Normal","Female","FA102",47.5,8,2.42,49.8,'22.02.2019',"18:19:00","Credit card",38.2,0.2,11.91,6.8),
("751-69-0068","C","Normal","Male","ST404",99.67,7,44.70,934.77,'19.03.2019',"19:09:00","Ewallet",714.44,0.2,223.31,9.0),
("257-73-1380","C","Member","Male","ST404",82.78,2,16.63,345.82,'20.01.2019',"16:51:00","Ewallet",265.16,0.2,82.91,9.6),
("345-08-4992","A","Normal","Male","HL303",34.04,3,10.29,213.43,'08.03.2019',"15:37:00","Credit card",163.10,0.2,51.01,7.7),
("549-96-4200","C","Member","Male","FB202",17.9,5,3.42,71.5,'08.03.2019',"20:15:00","Ewallet",54.3,0.2,17.01,7.0),
("810-60-6344","C","Normal","Female","EA101",40.63,8,16.33,341.38,'07.02.2019',"14:38:00","Credit card",261.16,0.2,81.71,6.5),
("450-28-2866","C","Member","Male","FB202",17.2,4,4.48,91.4,'15.01.2019',"19:25:00","Cash",69.4,0.2,21.81,8.1),
("394-30-3170","B","Member","Female","ST404",88.32,3,35.41,746.23,'22.03.2019',"19:35:00","Credit card",566.35,0.2,176.91,4.3),
("138-17-5109","A","Member","Female","HL303",89.13,1,40.11,842.31,'15.01.2019',"15:42:00","Credit card",642.40,0.2,200.71,6.5),
("192-98-7397","C","Normal","Male","FA102",12.9,1,0.63,13.1,'08.01.2019',"14:11:00","Ewallet",10.0,0.2,3.21,9.5),
("301-11-9629","A","Normal","Female","ST404",19.10,3,6.76,147.03,'15.01.2019',"10:43:00","Cash",107.6,0.2,33.41,9.7),
("390-80-5128","B","Member","Female","HB103",19.8,3,1.01,20.3,'28.01.2019',"17:58:00","Credit card",15.1,0.2,4.81,9.5),
("235-46-8343","C","Member","Male","FB202",27.40,2,13.83,291.02,'14.02.2019',"11:26:00","Credit card",221.13,0.2,69.21,8.9),
("453-12-7053","C","Normal","Male","FA102",45.14,4,6.90,149.44,'10.03.2019',"17:38:00","Credit card",109.6,0.2,34.31,6.5),
("296-11-7041","B","Member","Female","HB103",27.1,2,1.40,28.2,'12.01.2019',"20:07:00","Credit card",21.1,0.2,6.81,5.3),
("449-27-2918","B","Member","Female","ST404",39.2,4,2.09,41.4,'26.03.2019',"11:02:00","Credit card",31.2,0.2,9.81,9.6),
("891-01-7034","B","Normal","Female","EA101",74.00,8,22.40,478.08,'01.01.2019',"19:07:00","Cash",358.22,0.2,112.11,6.7),
("744-09-5786","B","Normal","Male","EA101",22.08,7,6.67,135.87,'02.01.2019',"18:50:00","Cash",105.6,0.2,33.01,7.6),
("727-17-0390","A","Normal","Female","FB202",63.14,7,15.93,334.47,'16.03.2019',"12:43:00","Ewallet",254.15,0.2,79.51,4.8),
("568-88-3448","A","Normal","Male","HB103",25.8,5,1.34,26.5,'03.03.2019',"15:09:00","Ewallet",20.1,0.2,6.31,5.5),
("187-83-5490","A","Member","Male","EA101",20.8,1,4.24,87.1,'31.01.2019',"13:47:00","Cash",66.4,0.2,20.81,4.7),
("767-54-1907","B","Member","Female","FA102",29.55,7,7.49,158.57,'13.02.2019',"16:59:00","Cash",118.7,0.2,37.01,6.9),
("710-46-4433","B","Member","Female","FB202",77.41,7,34.84,737.17,'15.02.2019',"14:15:00","Credit card",557.34,0.2,174.21,4.5),
("533-33-5337","B","Normal","Male","EA101",79.33,5,39.73,835.35,'07.02.2019',"20:24:00","Cash",635.39,0.2,198.51,6.2),
("325-90-8763","C","Member","Female","EA101",46.99,3,23.37,482.93,'27.01.2019',"13:58:00","Cash",372.23,0.2,116.41,7.6),
("729-46-7422","C","Normal","Male","FB202",35.4,7,1.84,37.7,'23.02.2019',"16:52:00","Credit card",28.1,0.2,9.01,7.9),
("639-76-1242","C","Normal","Male","FB202",40.72,6,10.12,212.26,'03.02.2019',"15:19:00","Cash",162.10,0.2,50.71,4.5),
("234-03-4040","B","Member","Female","FB202",73.07,2,36.50,764.72,'03.03.2019',"12:25:00","Credit card",584.36,0.2,182.61,8.7),
("326-71-2155","C","Normal","Female","ST404",74.70,3,14.81,316.03,'03.02.2019',"10:02:00","Cash",236.14,0.2,74.01,6.1),
("320-32-8842","C","Member","Female","FB202",22.3,3,1.18,23.3,'17.03.2019',"18:58:00","Cash",18.1,0.2,5.71,6.4),
("470-32-9057","A","Member","Male","FB202",51.39,4,12.80,265.94,'28.03.2019',"15:31:00","Credit card",205.12,0.2,64.21,9.1),
("878-30-2331","C","Member","Female","ST404",54.32,8,27.33,576.28,'02.03.2019',"11:22:00","Credit card",436.27,0.2,136.41,7.1),
("440-59-5691","C","Member","Female","HB103",37.53,4,13.06,278.34,'08.02.2019',"13:12:00","Credit card",208.13,0.2,65.01,7.7),
("554-53-3790","B","Normal","Male","ST404",37.53,5,11.17,237.35,'22.03.2019',"18:33:00","Cash",177.11,0.2,55.51,4.5),
("746-19-0921","C","Normal","Male","FB202",21.1,7,1.19,22.7,'09.02.2019',"10:02:00","Ewallet",17.1,0.2,5.41,7.2),
("233-34-0817","C","Member","Female","EA101",98.33,2,4.98,10.32,'15.02.2019',"11:21:00","Cash",79.4,0.2,24.71,8.4),
("767-05-1286","C","Member","Female","HL303",83.07,7,25.12,522.77,'23.01.2019',"12:10:00","Ewallet",402.25,0.2,125.71,5.4),
("340-21-9136","A","Member","Female","ST404",40.28,3,8.01,168.83,'25.01.2019',"11:40:00","Cash",128.8,0.2,40.11,9.7),
("405-31-3305","A","Member","Male","FA102",43.32,4,21.63,455.24,'02.02.2019',"18:31:00","Credit card",345.21,0.2,107.81,5.5),
("731-59-7531","B","Member","Male","HB103",72.59,7,29.05,604.97,'30.03.2019',"17:58:00","Cash",464.29,0.2,145.11,4.6),
("676-39-6028","A","Member","Female","EA101",64.38,6,16.10,337.86,'30.03.2019',"17:04:00","Cash",257.16,0.2,80.61,6.6),
("502-05-1910","A","Normal","Male","HB103",65.05,5,9.89,206.55,'25.02.2019',"20:35:00","Credit card",156.9,0.2,48.91,6.3),
("485-30-8700","A","Normal","Female","ST404",33.34,4,8.37,173.44,'18.03.2019',"16:10:00","Credit card",133.8,0.2,41.61,4.2),
("598-47-9715","C","Normal","Male","EA101",84.43,5,16.87,359.35,'07.03.2019',"16:54:00","Ewallet",269.16,0.2,84.11,4.4),
("701-69-8742","B","Normal","Male","ST404",34.60,7,17.27,365.07,'16.03.2019',"10:11:00","Ewallet",275.17,0.2,85.91,6.7),
("575-67-1508","A","Normal","Male","EA101",38.6,5,1.95,40.5,'29.01.2019',"11:26:00","Ewallet",30.1,0.2,9.71,6.7),
("541-08-3113","C","Normal","Male","FB202",66.04,5,26.41,552.45,'02.02.2019',"20:29:00","Cash",422.26,0.2,131.91,8.4),
("246-11-3901","C","Normal","Female","EA101",32.14,2,16.49,342.42,'15.02.2019',"12:12:00","Cash",262.16,0.2,82.01,6.2),
("674-15-9296","A","Normal","Male","ST404",37.15,6,9.32,198.56,'08.01.2019',"13:05:00","Ewallet",148.9,0.2,46.41,5.0),
("305-18-3552","B","Member","Male","HL303",60.14,3,30.25,633.43,'12.02.2019',"16:19:00","Cash",483.30,0.2,151.01,6.0),
("493-65-6248","C","Member","Female","ST404",37.68,4,18.52,385.84,'01.01.2019',"19:48:00","Credit card",295.18,0.2,92.51,7.0),
("438-01-4015","B","Member","Female","ST404",49.07,4,9.90,208.74,'21.03.2019',"15:25:00","Ewallet",158.9,0.2,49.51,6.6),
("709-58-4068","B","Normal","Female","FA102",41.51,7,20.50,438.17,'28.02.2019',"14:42:00","Cash",328.20,0.2,102.71,7.3),
("795-49-7276","A","Normal","Male","FA102",37.46,7,7.42,158.67,'23.03.2019',"18:59:00","Ewallet",118.7,0.2,37.21,8.3),
("556-72-8512","C","Normal","Male","HL303",23.7,5,1.15,24.5,'30.01.2019',"20:47:00","Cash",18.1,0.2,5.71,4.3),
("627-95-3243","B","Member","Female","HL303",77.94,6,35.02,739.46,'04.02.2019',"13:21:00","Ewallet",559.35,0.2,174.81,9.8),
("686-41-0932","B","Normal","Female","FA102",34.4,6,3.59,72.6,'13.03.2019',"19:48:00","Ewallet",55.3,0.2,17.41,8.2),
("510-09-5628","A","Member","Female","FA102",19.06,5,9.86,207.65,'15.03.2019',"18:20:00","Credit card",157.9,0.2,49.21,7.2),
("608-04-3797","B","Member","Female","HB103",25.02,6,10.17,212.26,'05.03.2019',"20:24:00","Ewallet",162.10,0.2,50.61,8.7),
("148-82-2527","C","Member","Female","HL303",12.87,1,6.15,12.71,'05.03.2019',"13:44:00","Credit card",97.6,0.2,30.31,8.4),
("437-53-3084","B","Normal","Male","FA102",99.59,4,10.00,209.94,'26.02.2019',"11:48:00","Ewallet",159.10,0.2,50.01,7.1),
("632-32-4574","B","Normal","Male","ST404",75.37,6,30.45,635.76,'20.03.2019',"14:14:00","Cash",485.30,0.2,151.81,5.5),
("556-97-7101","C","Normal","Female","EA101",63.92,5,6.31,131.25,'01.01.2019',"15:51:00","Cash",101.6,0.2,31.61,8.5),
("862-59-8517","C","Normal","Female","FB202",90.58,8,27.15,563.88,'27.01.2019',"11:17:00","Cash",433.27,0.2,135.41,6.2),
("401-18-8016","B","Member","Female","ST404",98.13,4,4.90,10.34,'21.01.2019',"17:36:00","Cash",78.4,0.2,24.51,8.9),
("420-18-8989","A","Member","Female","ST404",51.12,4,20.69,439.24,'02.02.2019',"15:47:00","Cash",329.20,0.2,103.01,9.6),
("277-63-2961","B","Member","Male","ST404",74.6,2,3.79,77.2,'03.02.2019',"15:53:00","Credit card",59.3,0.2,18.51,5.4),
("573-98-8548","C","Member","Female","FA102",31.9,5,1.65,33.5,'05.01.2019',"12:40:00","Ewallet",25.1,0.2,8.01,9.1),
("620-02-2046","C","Normal","Male","HL303",69.05,6,6.90,141.56,'27.01.2019',"19:48:00","Ewallet",111.6,0.2,34.71,9.0),
("282-35-2475","B","Normal","Female","ST404",93.36,2,9.34,199.62,'25.03.2019',"17:53:00","Cash",149.9,0.2,46.71,6.3),
("511-54-3087","B","Normal","Male","ST404",88.5,5,4.40,92.5,'25.02.2019',"16:36:00","Credit card",70.4,0.2,22.11,9.5),
("726-29-6793","A","Member","Male","EA101",24.23,7,9.77,204.37,'28.01.2019',"20:54:00","Ewallet",154.9,0.2,48.41,9.8),
("387-49-4215","B","Member","Female","ST404",48.42,3,7.32,156.23,'08.01.2019',"12:50:00","Cash",116.7,0.2,36.41,6.7),
("862-17-9201","B","Normal","Female","FB202",84.19,8,25.22,523.98,'29.01.2019',"10:48:00","Credit card",403.25,0.2,126.11,7.7),
("291-21-5991","B","Member","Male","HB103",61.21,2,15.39,325.12,'29.03.2019',"14:28:00","Cash",245.15,0.2,76.61,7.0),
("602-80-9671","C","Member","Female","HL303",16.80,6,4.86,10.06,'09.02.2019',"17:15:00","Credit card",76.4,0.2,23.91,5.1),
("347-72-6115","B","Member","Female","ST404",90.76,3,31.81,668.63,'16.01.2019',"18:03:00","Credit card",508.31,0.2,158.81,6.2),
("209-61-0206","A","Normal","Female","HL303",42.65,2,10.72,221.52,'05.01.2019',"17:29:00","Ewallet",171.10,0.2,53.61,6.1),
("595-27-4851","A","Normal","Female","FA102",54.29,5,19.08,394.95,'27.01.2019',"18:05:00","Ewallet",304.19,0.2,95.01,9.3),
("189-52-0236","A","Normal","Male","EA101",99.51,1,34.82,737.11,'14.03.2019',"12:07:00","Cash",557.34,0.2,174.21,7.6),
("503-07-0930","C","Member","Male","ST404",58.09,5,20.49,427.95,'23.02.2019',"19:49:00","Credit card",327.20,0.2,102.21,8.2),
("413-20-6708","C","Member","Female","FA102",51.2,4,2.67,54.4,'18.03.2019',"15:52:00","Ewallet",41.2,0.2,12.91,8.5),
("425-85-2085","B","Member","Male","HB103",54.88,4,13.70,289.84,'29.03.2019',"16:48:00","Ewallet",219.13,0.2,68.61,9.8),
("521-18-7827","C","Member","Male","HL303",39.16,5,9.88,207.65,'22.01.2019',"20:46:00","Credit card",157.9,0.2,49.21,8.7),
("220-28-1851","A","Normal","Male","HL303",34.2,2,3.58,72.2,'01.03.2019',"18:14:00","Ewallet",55.3,0.2,17.41,9.7),
("600-38-9738","C","Member","Male","ST404",71.37,6,18.07,377.76,'17.01.2019',"15:05:00","Credit card",287.18,0.2,89.91,4.3),
("734-91-1155","B","Normal","Female","EA101",45.94,7,6.91,149.47,'26.03.2019',"10:34:00","Credit card",109.6,0.2,34.31,7.7),
("451-28-5717","C","Member","Female","HL303",83.24,4,25.07,529.44,'20.03.2019',"11:23:00","Cash",399.25,0.2,124.81,7.3),
("609-81-8548","A","Member","Female","HL303",37.85,6,11.25,239.56,'06.02.2019',"13:55:00","Credit card",179.11,0.2,56.21,5.9),
("133-14-7229","C","Normal","Male","HB103",62.12,1,6.32,130.21,'01.01.2019',"11:43:00","Cash",100.6,0.2,31.41,5.0),
("534-01-4457","A","Normal","Male","FB202",81.04,5,24.54,512.45,'27.01.2019',"14:36:00","Credit card",392.24,0.2,122.61,8.0),
("719-89-8991","A","Member","Female","ST404",91.89,7,22.99,475.97,'25.02.2019',"16:03:00","Ewallet",365.22,0.2,114.31,7.1),
("286-62-6248","B","Normal","Male","FA102",39.64,2,7.82,165.42,'16.01.2019',"20:03:00","Credit card",125.7,0.2,39.21,9.0),
("339-38-9982","B","Member","Male","FA102",59.35,3,6.09,12.53,'13.01.2019',"14:55:00","Ewallet",95.6,0.2,29.91,6.7),
("827-44-5872","B","Member","Female","FB202",54.40,8,27.28,574.08,'07.02.2019',"11:28:00","Credit card",434.27,0.2,135.91,6.1),
("827-77-7633","A","Normal","Male","ST404",98.77,8,44.16,926.78,'17.02.2019',"19:41:00","Cash",706.44,0.2,220.71,9.3),
("287-83-1405","A","Normal","Male","HB103",25.80,2,7.64,162.02,'12.02.2019',"19:01:00","Ewallet",122.7,0.2,38.21,7.0),
("435-13-4908","A","Member","Male","FA102",86.18,4,34.79,724.84,'24.01.2019',"18:04:00","Credit card",554.34,0.2,173.41,7.2),
("857-67-9057","B","Normal","Male","EA101",23.61,8,11.50,243.18,'06.02.2019',"19:20:00","Ewallet",183.11,0.2,57.41,8.2),
("236-27-1144","C","Normal","Female","FB202",16.24,2,7.31,157.42,'26.03.2019',"10:31:00","Ewallet",117.7,0.2,36.71,8.4),
("892-05-6689","A","Normal","Female","HL303",28.08,8,7.16,143.88,'11.03.2019',"13:28:00","Ewallet",113.7,0.2,35.41,6.2),
("583-41-4548","C","Normal","Male","HL303",16.42,5,5.85,12.25,'07.02.2019',"11:36:00","Ewallet",93.5,0.2,29.21,7.4),
("339-12-4827","B","Member","Female","FA102",74.1,3,3.78,77.3,'05.01.2019',"11:32:00","Credit card",59.3,0.2,18.51,5.0),
("643-38-7867","A","Normal","Male","HL303",97.32,6,4.98,10.26,'07.03.2019',"11:44:00","Ewallet",78.4,0.2,24.51,6.9),
("308-81-0538","A","Normal","Female","FA102",73.86,3,14.65,303.63,'25.02.2019',"17:16:00","Credit card",233.14,0.2,73.11,4.9),
("358-88-9262","C","Member","Female","FB202",87.81,3,26.22,559.13,'01.02.2019',"18:43:00","Ewallet",419.26,0.2,131.21,5.1),
("460-35-4390","A","Normal","Male","HL303",30.3,4,4.63,96.4,'22.01.2019',"11:00:00","Ewallet",73.4,0.2,23.01,9.1),
("343-87-0864","C","Member","Male","HB103",75.8,3,3.88,79.3,'03.01.2019',"10:30:00","Credit card",60.3,0.2,19.01,7.1),
("173-50-1108","B","Member","Female","ST404",20.5,1,4.01,84.1,'13.02.2019',"12:14:00","Credit card",64.4,0.2,20.21,5.0),
("243-47-2663","C","Member","Male","EA101",18.48,2,5.66,11.82,'28.01.2019',"16:43:00","Credit card",90.5,0.2,28.21,5.5),
("841-18-8232","B","Normal","Female","FB202",71.1,8,3.62,74.8,'05.01.2019',"20:40:00","Credit card",57.3,0.2,17.81,9.2),
("701-23-5550","B","Member","Male","HL303",38.23,7,7.85,164.37,'19.03.2019',"13:40:00","Ewallet",124.7,0.2,38.81,4.9),
("647-50-1224","A","Normal","Female","FA102",29.58,6,14.72,305.86,'12.01.2019',"16:23:00","Ewallet",235.14,0.2,73.61,8.9),
("541-48-8554","A","Normal","Male","ST404",61.46,5,27.45,578.65,'07.01.2019',"12:08:00","Credit card",438.27,0.2,137.11,6.0),
("539-21-7227","B","Normal","Female","ST404",51.20,5,12.92,276.05,'26.01.2019',"17:45:00","Cash",206.12,0.2,64.41,4.2),
("213-32-1216","A","Normal","Female","EA101",66.36,2,19.82,417.62,'23.01.2019',"10:28:00","Cash",317.19,0.2,99.11,7.3),
("747-58-7183","B","Normal","Male","FA102",57.50,7,8.61,187.07,'09.02.2019',"20:31:00","Ewallet",137.8,0.2,43.01,6.5),
("582-52-8065","B","Normal","Female","FA102",54.53,5,24.40,511.35,'22.02.2019',"10:49:00","Cash",391.24,0.2,122.21,8.9),
("210-57-1719","B","Normal","Female","HB103",58.50,2,26.27,559.02,'05.02.2019',"12:34:00","Cash",419.26,0.2,131.01,9.7),
("399-69-4630","C","Normal","Male","EA101",22.69,3,6.76,136.93,'07.03.2019',"10:23:00","Credit card",106.6,0.2,33.31,8.6),
("134-75-2619","A","Member","Male","EA101",19.72,1,6.86,148.21,'25.03.2019',"18:51:00","Cash",108.6,0.2,33.81,6.9),
("356-44-8813","B","Normal","Male","HL303",37.48,3,5.68,11.83,'20.01.2019',"13:45:00","Credit card",90.5,0.2,28.11,7.7),
("198-66-9832","B","Member","Female","FA102",72.61,1,7.28,155.11,'04.02.2019',"19:38:00","Cash",115.7,0.2,36.01,9.5),
("283-26-5248","C","Member","Female","FB202",98.234,2,49.32,108.342,'30.01.2019',"20:23:00","Ewallet",788.49,0.2,246.31,4.5),
("712-39-0363","A","Member","Male","FB202",41.32,7,12.53,260.27,'02.01.2019',"15:24:00","Ewallet",200.12,0.2,62.51,5.6),
("218-59-9410","A","Member","Female","HL303",72.58,2,10.94,223.82,'29.03.2019',"16:54:00","Ewallet",173.10,0.2,54.31,8.2),
("174-75-0888","B","Normal","Male","EA101",21.73,1,9.78,205.31,'14.03.2019',"12:32:00","Cash",155.9,0.2,48.61,7.3),
("866-99-7614","C","Normal","Male","FB202",89.96,8,44.66,933.68,'11.02.2019',"15:42:00","Credit card",713.44,0.2,223.01,4.4),
("134-54-4720","B","Normal","Female","EA101",42.56,1,17.07,351.61,'30.01.2019',"13:58:00","Ewallet",271.17,0.2,84.81,5.7),
("760-90-2357","A","Member","Male","EA101",74.99,7,22.43,467.97,'20.03.2019',"15:08:00","Ewallet",357.22,0.2,111.81,5.0),
("514-37-2845","B","Normal","Male","FA102",99.38,5,9.98,208.85,'20.03.2019',"13:02:00","Cash",158.9,0.2,49.61,9.0),
("698-98-5964","A","Normal","Female","FB202",81.92,6,40.69,859.26,'17.01.2019',"13:01:00","Credit card",649.40,0.2,203.01,6.3),
("718-57-9773","C","Normal","Female","ST404",49.58,7,24.77,514.87,'03.02.2019',"16:40:00","Credit card",394.24,0.2,123.31,9.4),
("651-88-7328","A","Normal","Female","FA102",65.81,6,29.63,623.16,'01.01.2019',"13:55:00","Cash",473.29,0.2,147.91,7.7),
("241-11-2261","B","Normal","Female","FA102",79.17,2,28.02,587.72,'10.01.2019',"10:33:00","Credit card",447.28,0.2,139.81,5.5),
("408-26-9866","C","Normal","Female","ST404",74.23,4,25.98,544.34,'02.03.2019',"16:42:00","Ewallet",414.25,0.2,129.51,4.1),
("834-83-1826","B","Member","Female","HL303",82.80,8,20.58,438.08,'25.02.2019',"17:16:00","Credit card",328.20,0.2,102.61,7.6),
("343-61-3544","B","Member","Male","ST404",26.60,3,13.35,283.03,'29.01.2019',"11:48:00","Cash",213.13,0.2,66.71,8.6),
("239-48-4278","A","Member","Male","FB202",10.4,2,3.52,74.2,'10.03.2019',"19:35:00","Ewallet",56.3,0.2,17.71,8.3),
("355-34-6244","B","Normal","Male","FB202",72.32,3,7.22,155.23,'13.01.2019',"19:55:00","Credit card",115.7,0.2,36.21,8.1),
("550-84-8664","A","Normal","Male","ST404",85.81,5,21.56,453.15,'22.03.2019',"14:33:00","Credit card",343.21,0.2,107.41,8.6),
("339-96-8318","B","Member","Male","FA102",81.97,3,28.53,595.73,'01.03.2019',"19:49:00","Ewallet",455.28,0.2,142.31,6.3),
("458-61-0011","B","Normal","Male","FB202",60.63,4,12.10,253.34,'20.02.2019',"18:43:00","Cash",193.12,0.2,60.31,5.8),
("592-34-6155","C","Normal","Male","FB202",31.33,5,6.41,131.35,'14.01.2019',"14:43:00","Ewallet",101.6,0.2,31.81,6.2),
("797-88-0493","A","Normal","Female","HB103",64.89,7,12.94,265.97,'26.03.2019',"13:54:00","Cash",205.12,0.2,64.31,7.7),
("207-73-1363","B","Normal","Male","HB103",69.76,2,7.03,141.62,'01.03.2019',"12:15:00","Ewallet",111.7,0.2,34.81,8.1),
("390-31-6381","C","Normal","Male","FB202",27.3,3,4.13,85.3,'07.01.2019',"12:37:00","Cash",65.4,0.2,20.41,7.3),
("443-82-0585","A","Member","Female","HB103",77.86,4,15.55,328.64,'01.02.2019',"19:54:00","Cash",248.15,0.2,77.71,8.4),
("339-18-7061","C","Member","Female","FA102",93.15,3,9.30,198.53,'13.02.2019',"15:06:00","Credit card",148.9,0.2,46.51,8.0),
("359-90-3665","B","Member","Female","FA102",18.9,3,3.66,75.3,'14.01.2019',"18:03:00","Credit card",57.3,0.2,18.11,9.5),
("375-72-3056","B","Normal","Male","ST404",63.78,3,9.50,191.83,'19.01.2019',"15:58:00","Ewallet",151.9,0.2,47.31,7.0),
("127-47-6963","A","Normal","Male","HB103",51.47,1,10.39,215.71,'09.03.2019',"13:53:00","Credit card",165.10,0.2,51.71,9.8),
("278-86-2735","A","Normal","Female","FB202",52.84,2,7.97,165.42,'27.03.2019',"14:03:00","Cash",125.7,0.2,39.31,9.2),
("695-28-6250","A","Normal","Female","ST404",43.26,6,10.82,222.66,'04.02.2019',"16:38:00","Ewallet",172.10,0.2,53.81,7.7),
("379-17-6588","C","Normal","Male","FA102",59.15,3,29.85,626.53,'14.03.2019',"11:07:00","Cash",476.29,0.2,149.01,5.3),
("227-50-3718","A","Normal","Male","HB103",14.5,2,3.77,76.2,'04.03.2019',"12:23:00","Cash",58.3,0.2,18.31,4.4),
("302-15-2162","C","Member","Male","HB103",46.13,3,14.01,293.33,'03.03.2019',"10:54:00","Credit card",223.14,0.2,69.81,4.3),
("788-07-8452","C","Member","Female","HL303",24.08,7,8.54,175.87,'27.01.2019',"17:38:00","Ewallet",135.8,0.2,42.41,9.4),
("560-49-6611","A","Member","Female","ST404",45.4,5,2.36,47.5,'07.02.2019',"14:13:00","Cash",36.2,0.2,11.41,9.8),
("880-35-0356","A","Member","Female","ST404",75.36,8,11.33,230.68,'05.02.2019',"11:51:00","Ewallet",180.11,0.2,56.41,4.8),
("585-11-6748","B","Member","Male","ST404",96.14,5,14.57,302.45,'15.03.2019',"13:05:00","Cash",232.14,0.2,72.61,5.3),
("470-31-3286","B","Normal","Male","HB103",14.3,4,2.22,46.4,'01.03.2019',"11:30:00","Credit card",35.2,0.2,11.11,8.7),
("152-68-2907","A","Normal","Male","FB202",52.64,1,7.89,165.41,'15.02.2019',"13:30:00","Credit card",125.7,0.2,39.21,9.5),
("123-35-4896","C","Normal","Female","ST404",46.30,1,21.08,446.01,'17.02.2019',"19:11:00","Ewallet",336.21,0.2,105.01,5.3),
("258-69-7810","C","Normal","Female","FA102",36.63,2,9.28,197.32,'26.01.2019',"18:53:00","Cash",147.9,0.2,46.11,9.2),
("334-64-2006","A","Member","Female","HL303",70.67,3,7.00,142.73,'24.03.2019',"14:22:00","Ewallet",112.7,0.2,35.21,9.6),
("219-61-4139","C","Normal","Male","EA101",83.6,2,4.21,87.2,'23.01.2019',"17:16:00","Ewallet",66.4,0.2,20.81,6.4),
("881-41-7302","C","Normal","Female","FA102",65.4,8,3.23,68.8,'26.01.2019',"10:06:00","Credit card",52.3,0.2,16.31,4.5),
("373-09-4567","C","Normal","Male","FB202",77.04,3,38.85,810.43,'14.03.2019',"20:35:00","Ewallet",620.38,0.2,193.91,6.9),
("642-30-6693","B","Normal","Female","ST404",54.33,6,16.46,341.36,'17.03.2019',"13:54:00","Ewallet",261.16,0.2,81.81,7.8),
("484-22-8230","C","Member","Female","FA102",51.21,4,18.22,380.14,'08.01.2019',"20:08:00","Cash",290.18,0.2,90.81,4.5),
("830-58-2383","B","Normal","Male","HL303",31.53,8,6.43,131.38,'08.02.2019',"15:26:00","Cash",101.6,0.2,31.81,8.6),
("559-98-9873","A","Member","Female","FA102",53.94,5,18.88,390.45,'10.02.2019',"12:56:00","Ewallet",300.18,0.2,93.91,5.2),
("544-32-5024","C","Member","Female","FB202",49.39,5,10.00,209.95,'28.03.2019',"19:16:00","Credit card",159.10,0.2,49.81,6.4),
("318-12-0304","A","Normal","Male","FA102",30.1,3,1.53,32.3,'23.01.2019',"12:20:00","Ewallet",24.1,0.2,7.71,5.2),
("349-97-8902","B","Member","Male","FB202",57.91,3,5.89,12.13,'17.01.2019',"10:37:00","Ewallet",92.5,0.2,29.01,8.9),
("421-95-9805","A","Normal","Female","EA101",29.9,4,1.48,30.4,'07.02.2019',"10:18:00","Credit card",23.1,0.2,7.21,6.2),
("277-35-5865","C","Member","Female","FB202",99.35,2,44.58,932.52,'09.03.2019',"11:23:00","Cash",712.44,0.2,222.71,6.7),
("789-23-8625","B","Member","Male","FA102",93.23,7,14.06,293.37,'24.01.2019',"11:45:00","Cash",223.14,0.2,69.91,7.2),
("284-54-4231","C","Member","Male","ST404",80.5,2,4.02,85.2,'19.01.2019',"16:08:00","Credit card",64.4,0.2,20.21,9.0),
("443-59-0061","A","Member","Male","FB202",67.58,4,33.70,709.84,'03.02.2019',"11:25:00","Ewallet",539.33,0.2,168.61,4.2),
("509-29-3912","A","Member","Female","ST404",38.25,5,17.49,368.55,'20.03.2019',"12:24:00","Ewallet",278.17,0.2,87.11,4.2),
("327-40-9673","B","Member","Male","ST404",72.47,3,21.86,458.73,'13.01.2019',"19:51:00","Cash",348.21,0.2,108.91,6.9),
("840-19-2096","C","Member","Male","EA101",87.11,8,22.00,461.18,'14.03.2019',"18:10:00","Ewallet",351.22,0.2,109.91,4.4),
("828-46-6863","A","Member","Male","FB202",98.40,8,29.68,622.08,'23.01.2019',"11:22:00","Credit card",472.29,0.2,147.81,4.0),
("641-96-3695","C","Member","Female","FA102",43.93,6,13.06,278.36,'07.02.2019',"17:55:00","Ewallet",208.13,0.2,65.21,8.5),
("420-97-3340","A","Normal","Female","FB202",71.95,4,10.83,222.54,'28.03.2019',"15:30:00","Credit card",172.10,0.2,53.81,9.2),
("436-54-4512","A","Member","Female","FB202",91.5,4,4.65,96.4,'20.03.2019',"19:44:00","Cash",73.4,0.2,22.91,9.8),
("670-79-6321","B","Member","Female","HL303",94.75,6,33.13,699.56,'17.01.2019',"15:27:00","Credit card",529.33,0.2,165.51,4.9),
("852-62-7105","B","Normal","Female","FA102",83.64,8,41.61,876.48,'12.01.2019',"11:25:00","Credit card",666.41,0.2,208.11,4.4),
("598-06-7312","B","Member","Male","FA102",91.0,5,4.63,95.5,'16.02.2019',"15:42:00","Cash",73.4,0.2,22.81,6.8),
("135-13-8269","B","Member","Female","FB202",78.15,1,7.92,166.51,'26.01.2019',"16:04:00","Cash",126.7,0.2,39.41,9.1),
("816-57-2053","A","Normal","Male","ST404",60.57,8,6.10,12.78,'09.03.2019',"12:37:00","Ewallet",97.6,0.2,30.41,8.7),
("628-90-8624","B","Member","Male","HB103",82.97,6,41.36,860.76,'14.03.2019',"14:41:00","Cash",660.41,0.2,206.51,5.0),
("856-66-2701","A","Member","Male","HL303",53.67,8,8.07,167.78,'25.01.2019',"14:19:00","Ewallet",127.8,0.2,40.01,7.5),
("308-39-1707","A","Normal","Female","FA102",12.3,3,0.67,123,'26.01.2019',"18:19:00","Credit card",9.0,0.2,3.01,8.2),
("149-61-1929","A","Normal","Male","ST404",64.64,1,32.19,673.41,'19.01.2019',"14:08:00","Credit card",513.32,0.2,160.51,6.7),
("655-07-2265","A","Normal","Male","EA101",78.06,6,11.72,247.66,'05.03.2019',"16:38:00","Ewallet",187.11,0.2,58.71,5.4),
("589-02-8023","A","Member","Male","FB202",83.05,5,8.40,174.55,'15.01.2019',"10:54:00","Credit card",134.8,0.2,41.91,7.0),
("420-04-7590","B","Normal","Male","HL303",99.04,4,15.05,319.44,'18.03.2019',"11:29:00","Ewallet",239.15,0.2,74.81,4.7),
("182-88-2763","B","Member","Male","FB202",79.81,1,12.07,251.11,'20.03.2019',"19:28:00","Credit card",191.12,0.2,59.91,5.0),
("188-55-0967","B","Member","Male","HB103",66.57,1,33.29,691.71,'15.01.2019',"15:01:00","Credit card",531.33,0.2,166.21,5.0),
("610-46-4100","A","Normal","Male","HB103",29.42,6,10.11,212.26,'03.03.2019',"20:31:00","Credit card",162.10,0.2,50.71,6.0),
("318-81-2368","C","Normal","Female","EA101",46.8,3,2.33,48.3,'19.03.2019',"12:16:00","Cash",37.2,0.2,11.61,6.3),
("364-33-8584","B","Member","Female","FB202",17.3,3,4.45,92.3,'08.03.2019',"15:27:00","Cash",70.4,0.2,22.01,8.5),
("665-63-9737","B","Normal","Male","FA102",52.65,6,7.97,165.56,'27.02.2019',"17:36:00","Ewallet",125.7,0.2,39.31,7.5),
("695-09-5146","B","Member","Female","FB202",98.01,6,14.81,317.16,'23.02.2019',"20:00:00","Ewallet",237.14,0.2,74.11,6.4),
("155-45-3814","C","Member","Female","EA101",88.43,1,35.48,746.31,'19.03.2019',"15:29:00","Ewallet",566.35,0.2,177.11,4.7),
("794-32-2436","B","Member","Male","EA101",55.36,7,5.64,11.67,'27.03.2019',"15:08:00","Ewallet",89.5,0.2,27.81,6.0),
("131-15-8856","C","Member","Female","FB202",72.19,1,29.08,604.91,'30.03.2019',"19:26:00","Credit card",464.29,0.2,145.01,4.0),
("273-84-2164","C","Member","Male","EA101",12.8,2,3.01,63.2,'16.02.2019',"15:53:00","Ewallet",48.3,0.2,15.11,5.5),
("706-36-6154","A","Member","Male","HL303",19.33,7,8.71,189.37,'18.01.2019',"18:43:00","Ewallet",139.8,0.2,43.61,8.7),
("778-89-7974","C","Normal","Male","HB103",70.82,7,21.19,447.27,'30.03.2019',"14:58:00","Cash",337.21,0.2,105.31,7.4),
("574-31-8277","B","Member","Male","FA102",33.3,5,1.72,35.5,'20.03.2019',"19:55:00","Cash",26.1,0.2,8.41,5.6),
("859-71-0933","C","Member","Female","ST404",15.7,8,1.59,32.8,'16.01.2019',"15:10:00","Cash",24.1,0.2,7.81,6.3),
("740-11-5257","C","Normal","Male","EA101",24.19,7,12.42,257.97,'24.02.2019',"16:44:00","Cash",197.12,0.2,61.91,7.1),
("369-82-2676","B","Normal","Male","EA101",75.87,3,18.96,392.73,'15.01.2019',"18:22:00","Ewallet",302.18,0.2,94.61,7.8),
("563-47-4072","B","Normal","Female","HB103",55.41,5,16.70,357.15,'22.01.2019',"11:52:00","Cash",267.16,0.2,83.71,9.9),
("742-04-5161","A","Member","Male","HL303",72.04,7,36.41,762.47,'03.02.2019',"17:24:00","Cash",582.36,0.2,182.01,7.3),
("149-15-7606","B","Member","Male","ST404",37.12,1,16.86,358.21,'06.03.2019',"15:31:00","Ewallet",268.16,0.2,84.01,5.1),
("133-77-3154","B","Member","Male","FA102",60.72,1,12.01,252.21,'16.02.2019',"18:04:00","Credit card",192.12,0.2,60.21,9.4),
("169-52-4504","A","Normal","Female","EA101",15.5,1,2.45,49.1,'14.03.2019',"14:13:00","Credit card",37.2,0.2,11.81,5.8),
("250-81-7186","C","Normal","Female","EA101",99.84,2,5.01,10.42,'27.02.2019',"10:23:00","Credit card",79.5,0.2,24.91,8.0),
("562-12-5430","A","Member","Female","FA102",88.17,5,13.24,271.75,'18.01.2019',"10:11:00","Ewallet",211.13,0.2,66.11,7.9),
("816-72-8853","A","Member","Female","ST404",27.76,8,7.08,141.68,'29.01.2019',"15:48:00","Cash",111.7,0.2,34.91,5.9),
("491-38-3499","A","Member","Male","FA102",55.3,4,2.84,58.4,'26.02.2019',"17:46:00","Credit card",44.2,0.2,13.91,4.9),
("322-02-2271","B","Normal","Female","ST404",43.05,3,6.42,133.53,'03.02.2019',"11:46:00","Cash",103.6,0.2,32.21,9.3),
("842-29-4695","C","Member","Male","ST404",17.26,8,6.06,12.68,'16.01.2019',"12:07:00","Credit card",96.6,0.2,30.01,7.9),
("725-67-2480","B","Member","Female","FA102",58.60,7,17.64,372.07,'24.03.2019',"18:14:00","Credit card",282.17,0.2,88.11,5.9),
("641-51-2661","C","Member","Female","FB202",87.54,6,43.66,916.46,'12.02.2019',"14:45:00","Credit card",696.43,0.2,217.81,9.9),
("714-02-3114","C","Normal","Female","ST404",98.07,7,9.91,208.77,'21.02.2019',"11:39:00","Cash",158.9,0.2,49.41,7.7),
("518-17-2983","A","Normal","Female","FA102",48.14,5,9.79,205.45,'04.02.2019',"15:44:00","Ewallet",155.9,0.2,48.61,7.6),
("779-42-2410","B","Member","Male","FB202",57.41,7,8.74,188.17,'20.02.2019',"13:06:00","Ewallet",138.8,0.2,43.31,7.7),
("190-14-3147","B","Normal","Female","HB103",18.1,1,3.61,75.1,'23.02.2019',"20:43:00","Ewallet",57.3,0.2,18.01,6.4),
("408-66-6712","C","Member","Female","HB103",47.60,4,14.37,309.04,'16.02.2019',"14:19:00","Ewallet",229.14,0.2,71.61,4.4),
("679-22-6530","B","Normal","Female","ST404",40.2,6,4.15,85.6,'17.01.2019',"10:01:00","Credit card",65.4,0.2,20.31,4.1),
("588-47-8641","A","Member","Male","FA102",56.48,5,28.06,588.85,'14.01.2019',"19:30:00","Ewallet",448.28,0.2,140.11,4.4),
("642-61-4706","B","Member","Male","FB202",93.66,6,9.37,199.66,'30.03.2019',"16:34:00","Cash",149.9,0.2,46.71,5.5),
("576-31-4774","B","Normal","Female","HB103",73.31,5,11.07,236.15,'02.03.2019',"13:10:00","Ewallet",176.11,0.2,55.11,4.0),
("556-41-6224","C","Normal","Male","HB103",33.42,5,13.52,285.25,'15.02.2019',"17:10:00","Credit card",215.13,0.2,67.31,9.3),
("811-03-8790","A","Normal","Female","EA101",45.07,8,22.77,473.78,'01.03.2019',"10:22:00","Credit card",363.22,0.2,113.71,4.8),
("242-11-3142","B","Member","Male","FA102",83.15,2,8.41,174.52,'24.02.2019',"19:57:00","Cash",134.8,0.2,41.91,4.6),
("752-23-3760","B","Member","Female","ST404",64.21,7,22.47,478.17,'19.02.2019',"19:29:00","Credit card",358.22,0.2,112.11,7.3),
("274-05-5470","A","Member","Female","FB202",73.08,2,14.74,305.82,'23.02.2019',"18:30:00","Cash",235.14,0.2,73.51,6.0),
("648-94-3045","C","Normal","Male","HB103",59.99,6,29.50,611.96,'07.02.2019',"14:27:00","Ewallet",471.29,0.2,147.41,8.1),
("130-67-4723","A","Member","Male","FB202",48.65,1,14.67,302.51,'11.01.2019',"13:57:00","Ewallet",232.14,0.2,72.81,9.4),
("528-87-5606","B","Member","Female","EA101",39.8,5,2.06,41.5,'12.02.2019',"19:43:00","Cash",31.2,0.2,9.91,6.5),
("320-85-2052","B","Normal","Female","ST404",34.8,3,1.70,36.3,'14.01.2019',"10:11:00","Credit card",27.1,0.2,8.71,7.0),
("370-96-0655","C","Normal","Female","FA102",49.90,3,14.86,316.03,'09.01.2019',"13:46:00","Ewallet",236.14,0.2,74.01,7.1),
("105-10-6182","A","Member","Male","FA102",21.1,1,2.11,45.1,'27.02.2019',"12:22:00","Ewallet",34.2,0.2,10.71,6.6),
("510-79-0415","B","Member","Female","ST404",23.75,5,6.94,140.55,'24.01.2019',"19:20:00","Ewallet",110.6,0.2,34.61,4.9),
("241-96-5076","B","Member","Female","HL303",49.93,2,4.90,10.32,'08.01.2019',"12:58:00","Credit card",78.4,0.2,24.61,6.4),
("767-97-4650","B","Member","Female","ST404",64.96,7,6.56,133.67,'08.01.2019',"11:59:00","Credit card",103.6,0.2,32.41,8.0),
("648-83-1321","A","Member","Male","HL303",63.87,6,31.83,668.76,'16.01.2019',"17:59:00","Cash",508.31,0.2,158.91,4.3),
("173-57-2300","C","Member","Male","ST404",72.53,1,7.33,156.31,'13.03.2019',"12:51:00","Cash",116.7,0.2,36.41,6.1),
("305-03-2383","A","Normal","Female","FB202",67.01,3,10.13,211.13,'15.02.2019',"10:36:00","Cash",161.10,0.2,50.31,7.5),
("394-55-6384","C","Member","Female","ST404",70.53,3,31.63,665.33,'25.01.2019',"13:38:00","Cash",505.31,0.2,157.91,6.7),
("266-20-6657","C","Member","Male","FB202",55.24,2,19.36,408.42,'12.03.2019',"19:39:00","Ewallet",308.19,0.2,96.31,5.2),
("689-05-1884","A","Member","Male","HB103",48.00,6,24.38,519.06,'04.03.2019',"12:44:00","Cash",389.24,0.2,121.61,8.8),
("196-01-2849","C","Member","Female","FA102",73.09,1,25.78,530.91,'10.02.2019',"13:56:00","Cash",410.25,0.2,128.41,9.5),
("372-62-5264","C","Normal","Female","FB202",52.67,3,23.72,498.73,'16.01.2019',"14:42:00","Cash",378.23,0.2,118.41,7.6),
("800-09-8606","A","Member","Female","HL303",87.08,8,21.86,459.88,'29.01.2019',"19:45:00","Cash",349.21,0.2,109.21,6.6),
("182-52-7000","A","Member","Female","ST404",27.53,1,5.40,11.31,'01.01.2019',"20:26:00","Ewallet",86.5,0.2,27.01,6.9),
("826-58-8051","B","Normal","Male","HL303",62.51,8,12.40,269.18,'06.01.2019',"19:46:00","Ewallet",199.12,0.2,62.21,4.3),
("868-06-0466","A","Member","Male","EA101",69.07,8,31.34,651.78,'19.02.2019',"19:38:00","Credit card",501.31,0.2,156.61,7.8),
("751-41-9720","C","Normal","Male","HL303",97.423,7,48.87,100.237,'12.01.2019',"16:18:00","Ewallet",780.48,0.2,243.81,8.0),
("626-43-7888","C","Normal","Female","FA102",60.47,6,24.28,506.76,'07.02.2019',"12:23:00","Ewallet",386.24,0.2,120.81,9.6),
("176-64-7711","B","Normal","Male","FB202",32.61,1,4.87,10.11,'27.03.2019',"19:11:00","Credit card",77.4,0.2,24.21,4.3),
("191-29-0321","B","Member","Female","FA102",19.27,1,9.93,208.71,'27.02.2019',"18:57:00","Credit card",158.9,0.2,49.41,5.0),
("729-06-2010","B","Member","Male","HB103",80.00,7,36.20,769.07,'06.01.2019',"11:18:00","Cash",579.36,0.2,181.11,9.2),
("640-48-5028","B","Member","Female","HL303",88.45,6,39.80,836.56,'02.03.2019',"12:40:00","Cash",636.39,0.2,198.91,6.3),
("186-79-9562","B","Normal","Male","HB103",71.77,1,25.15,521.71,'29.03.2019',"14:06:00","Cash",401.25,0.2,125.61,8.9),
("834-45-5519","B","Normal","Female","EA101",43.40,8,8.65,187.08,'31.01.2019',"20:48:00","Ewallet",137.8,0.2,43.01,7.6),
("162-65-8559","C","Member","Male","FB202",69.6,1,3.45,72.1,'21.01.2019',"20:13:00","Cash",55.3,0.2,17.31,4.8),
("760-27-5490","C","Normal","Male","FA102",15.21,7,6.24,130.17,'20.01.2019',"20:37:00","Ewallet",100.6,0.2,31.21,9.1),
("445-30-9252","A","Normal","Male","ST404",25.3,4,3.92,81.4,'17.01.2019',"17:59:00","Ewallet",61.3,0.2,19.31,6.1),
("786-94-2700","A","Member","Male","FB202",80.97,7,24.27,507.77,'28.02.2019',"20:18:00","Cash",387.24,0.2,120.91,9.1),
("728-88-7867","C","Member","Female","HL303",75.87,7,15.18,311.77,'19.03.2019',"15:52:00","Ewallet",241.15,0.2,75.51,8.3),
("183-21-3799","C","Normal","Female","EA101",77.23,1,34.97,738.31,'19.02.2019',"15:14:00","Ewallet",558.34,0.2,174.71,7.2),
("268-20-3585","C","Normal","Female","HB103",13.20,2,6.25,13.02,'04.02.2019',"12:50:00","Ewallet",99.6,0.2,31.21,6.0),
("735-32-9839","C","Member","Male","FA102",98.39,7,39.58,821.97,'31.01.2019',"10:36:00","Ewallet",631.39,0.2,197.41,8.5),
("258-92-7466","A","Normal","Female","HB103",35.97,2,8.94,182.72,'06.02.2019',"18:33:00","Credit card",142.8,0.2,44.61,6.6),
("857-16-3520","A","Member","Female","FA102",71.15,8,25.05,520.58,'28.03.2019',"16:06:00","Ewallet",400.25,0.2,125.11,4.5),
("482-17-1179","A","Member","Male","EA101",11.1,4,1.81,37.4,'19.01.2019',"12:47:00","Credit card",28.1,0.2,9.01,8.1),
("788-21-5741","A","Normal","Male","FA102",45.22,7,6.87,148.27,'17.02.2019',"13:34:00","Credit card",108.6,0.2,34.01,7.2),
("821-14-9046","B","Member","Female","FA102",17.10,8,5.20,11.08,'18.01.2019',"15:04:00","Credit card",83.5,0.2,26.21,6.1),
("418-05-0656","B","Normal","Female","FA102",25.07,4,8.96,183.74,'02.02.2019',"20:42:00","Cash",143.8,0.2,44.71,7.1),
("678-79-0726","C","Member","Female","ST404",90.76,6,40.87,852.66,'18.01.2019',"15:28:00","Cash",652.40,0.2,203.91,5.1),
("776-68-1096","B","Normal","Male","HL303",44.69,7,6.60,135.97,'18.03.2019',"13:45:00","Credit card",105.6,0.2,33.11,7.9),
("592-46-1692","C","Member","Female","FB202",36.40,5,12.96,275.05,'11.01.2019',"20:10:00","Cash",205.12,0.2,64.41,7.4),
("434-35-9162","B","Member","Male","FB202",23.3,4,4.71,98.4,'04.02.2019',"18:53:00","Ewallet",74.4,0.2,23.31,7.4),
("149-14-0304","C","Member","Female","HB103",28.19,1,11.43,232.91,'06.02.2019',"14:24:00","Cash",182.11,0.2,57.01,6.6),
("442-44-6497","C","Member","Male","HL303",55.45,4,8.34,173.54,'08.01.2019',"11:42:00","Credit card",133.8,0.2,41.71,5.9),
("174-64-0215","B","Normal","Male","ST404",69.62,1,34.92,737.21,'05.03.2019',"17:49:00","Credit card",557.34,0.2,174.41,8.9),
("210-74-9613","C","Normal","Male","FA102",97.78,2,19.56,401.82,'16.03.2019',"15:33:00","Ewallet",311.19,0.2,97.31,6.8),
("299-29-0180","B","Member","Female","HL303",52.23,2,18.31,382.32,'09.03.2019',"10:54:00","Cash",292.18,0.2,91.31,9.3),
("247-11-2470","A","Member","Female","FA102",22.1,2,4.54,93.2,'01.03.2019',"16:23:00","Credit card",71.4,0.2,22.31,4.4),
("635-28-5728","A","Normal","Male","HB103",56.26,6,8.47,174.66,'28.02.2019',"19:33:00","Ewallet",134.8,0.2,42.01,4.8),
("756-49-0168","A","Member","Male","FA102",19.4,7,1.01,20.7,'08.02.2019',"11:39:00","Ewallet",15.1,0.2,4.91,9.5),
("438-23-1242","B","Normal","Male","EA101",75.27,4,26.62,554.74,'24.01.2019',"10:38:00","Ewallet",424.26,0.2,132.81,8.9),
("238-45-6950","B","Member","Male","FB202",53.4,2,2.79,56.2,'01.03.2019',"20:03:00","Ewallet",43.2,0.2,13.41,6.4),
("607-65-2441","C","Member","Male","HB103",82.60,6,41.04,865.06,'10.03.2019',"12:39:00","Credit card",655.41,0.2,204.91,6.0),
("386-27-7606","C","Member","Female","HL303",81.26,3,28.46,594.63,'23.03.2019',"15:59:00","Credit card",454.28,0.2,142.11,8.1),
("137-63-5492","C","Normal","Male","EA101",58.67,1,29.44,610.71,'29.01.2019',"14:26:00","Ewallet",470.29,0.2,146.91,9.0),
("197-77-7132","B","Member","Male","EA101",91.79,1,36.61,766.91,'12.01.2019',"18:22:00","Ewallet",586.36,0.2,183.11,6.0),
("805-86-0265","A","Normal","Male","HL303",94.87,8,42.32,886.78,'20.03.2019',"11:32:00","Cash",676.42,0.2,211.41,9.8),
("733-29-1227","C","Normal","Male","HL303",55.28,7,19.52,401.87,'23.03.2019',"12:41:00","Cash",311.19,0.2,97.31,8.5),
("451-73-2711","C","Normal","Male","FB202",84.7,4,4.27,89.4,'14.01.2019',"15:20:00","Ewallet",67.4,0.2,21.21,8.8),
("373-14-0504","A","Member","Female","ST404",71.10,3,7.25,154.03,'12.02.2019',"14:33:00","Ewallet",114.7,0.2,35.81,8.8),
("546-80-2899","A","Member","Male","HL303",37.8,5,3.88,79.5,'20.02.2019',"15:29:00","Ewallet",60.3,0.2,18.91,9.5),
("345-68-9016","C","Member","Female","ST404",31.66,3,12.70,262.63,'02.01.2019',"16:19:00","Credit card",202.12,0.2,63.31,5.6),
("390-17-5806","C","Member","Female","FB202",38.1,3,1.98,40.3,'02.02.2019',"16:33:00","Cash",30.1,0.2,9.61,8.6),
("457-13-1708","B","Member","Male","FA102",65.14,4,32.67,681.44,'08.01.2019',"19:07:00","Credit card",521.32,0.2,163.11,5.2),
("664-14-2882","C","Member","Female","HL303",10.1,6,2.68,55.6,'30.01.2019',"14:43:00","Credit card",42.2,0.2,13.21,5.8),
("487-79-6868","B","Member","Female","HL303",12.76,4,5.58,11.64,'26.03.2019',"19:28:00","Credit card",88.5,0.2,27.71,8.0),
("314-23-4520","C","Member","Male","HB103",81.27,3,28.45,594.73,'15.01.2019',"20:44:00","Cash",454.28,0.2,142.21,9.0),
("210-30-7976","B","Member","Female","FA102",22.3,2,4.59,93.2,'14.03.2019',"11:16:00","Ewallet",71.4,0.2,22.31,4.1),
("585-86-8361","A","Normal","Female","FB202",27.83,5,6.83,149.35,'03.02.2019',"10:31:00","Credit card",109.6,0.2,34.11,8.6),
("807-14-7833","A","Member","Female","EA101",17.12,8,8.78,189.28,'22.02.2019',"12:30:00","Ewallet",139.8,0.2,43.61,7.0),
("775-72-1988","B","Normal","Male","HL303",73.74,7,18.39,383.47,'24.01.2019',"15:05:00","Ewallet",293.18,0.2,91.61,8.4),
("288-38-3758","C","Member","Female","FA102",84.37,2,12.77,263.72,'25.01.2019',"18:30:00","Ewallet",203.12,0.2,63.71,7.4),
("652-43-6591","A","Normal","Female","FA102",97.47,6,38.95,812.76,'09.03.2019',"13:18:00","Credit card",622.38,0.2,194.61,6.2),
("785-96-0615","B","Member","Female","EA101",35.90,7,14.36,308.07,'17.02.2019',"15:28:00","Ewallet",228.14,0.2,71.51,4.9),
("406-46-7107","A","Normal","Female","HL303",96.48,4,29.01,603.84,'11.01.2019',"11:52:00","Cash",463.29,0.2,144.81,4.5),
("250-17-5703","A","Member","Male","FB202",18.17,2,9.47,190.72,'27.02.2019',"18:24:00","Ewallet",150.9,0.2,47.11,5.6),
("156-95-3964","A","Normal","Female","FB202",55.92,1,11.19,237.21,'25.03.2019',"15:19:00","Ewallet",177.11,0.2,55.41,8.0),
("842-40-8179","B","Member","Female","FB202",77.40,8,38.61,817.08,'11.02.2019',"10:38:00","Credit card",617.38,0.2,193.01,5.6),
("525-09-8450","B","Normal","Male","EA101",72.07,5,36.14,757.75,'31.01.2019',"15:12:00","Credit card",577.36,0.2,180.31,4.2),
("410-67-1709","A","Member","Female","FA102",63.66,4,25.67,538.64,'20.01.2019',"17:48:00","Ewallet",408.25,0.2,127.81,9.9),
("587-73-4862","A","Member","Female","HB103",10.7,5,2.78,56.5,'26.03.2019',"11:07:00","Ewallet",42.2,0.2,13.41,7.6),
("787-87-2010","A","Member","Male","HB103",55.83,7,11.10,237.37,'20.01.2019',"15:48:00","Credit card",177.11,0.2,55.51,6.6),
("593-14-4239","B","Normal","Female","HL303",95.11,5,38.22,800.15,'05.03.2019',"19:40:00","Ewallet",610.38,0.2,190.91,4.7),
("801-88-0346","C","Normal","Female","FA102",76.89,8,11.43,232.98,'05.01.2019',"20:30:00","Credit card",182.11,0.2,57.11,9.8),
("388-76-2555","B","Normal","Male","ST404",13.7,3,4.15,86.3,'13.02.2019',"13:59:00","Cash",65.4,0.2,20.51,6.3),
("711-31-1234","B","Normal","Female","EA101",95.31,7,19.12,406.17,'16.03.2019',"18:51:00","Cash",306.19,0.2,95.61,7.9),
("886-54-6089","A","Normal","Female","HL303",11.5,8,3.40,72.8,'15.01.2019',"17:24:00","Cash",54.3,0.2,17.21,7.7),
("707-32-7409","B","Member","Female","ST404",95.31,7,19.14,405.17,'26.02.2019',"11:58:00","Ewallet",305.19,0.2,95.51,4.5),
("759-98-4285","C","Member","Female","HB103",85.91,7,30.12,632.17,'27.02.2019',"19:01:00","Credit card",402.30,0.3,228.41,8.0),
("201-63-8275","C","Member","Female","ST404",68.69,2,23.82,498.92,'17.02.2019',"16:50:00","Ewallet",318.23,0.3,180.91,5.7),
("471-06-8611","C","Normal","Female","FB202",52.0,4,2.66,55.4,'06.02.2019',"10:22:00","Credit card",35.2,0.3,19.91,6.3),
("200-16-5952","C","Member","Male","FB202",65.17,2,6.69,13.72,'17.01.2019',"16:46:00","Cash",88.6,0.3,49.91,6.0),
("120-54-2248","B","Normal","Female","FB202",28.51,1,7.22,15.11,'22.01.2019',"18:08:00","Credit card",96.7,0.3,54.81,8.0),
("102-77-2261","C","Member","Male","HB103",65.70,1,22.92,486.01,'05.03.2019',"18:02:00","Credit card",306.22,0.3,173.71,4.2),
("875-31-8302","B","Normal","Male","ST404",93.3,8,4.73,98.8,'03.01.2019',"13:07:00","Cash",62.4,0.3,35.51,9.6),
("102-06-2002","C","Member","Male","ST404",25.02,1,6.30,13.21,'20.03.2019',"17:52:00","Cash",84.6,0.3,48.01,6.1),
("457-94-0464","B","Member","Male","EA101",87.90,4,39.54,839.04,'31.01.2019',"20:32:00","Ewallet",529.39,0.3,300.51,5.6),
("629-42-4133","C","Normal","Male","HB103",21.43,6,8.71,186.36,'19.02.2019',"19:24:00","Cash",116.8,0.3,66.31,8.3),
("534-53-3526","A","Normal","Female","ST404",94.58,5,19.05,394.85,'11.02.2019',"16:06:00","Ewallet",254.19,0.3,144.01,7.8),
("307-04-2070","A","Member","Female","FA102",30.0,3,1.50,32.3,'05.02.2019',"14:14:00","Credit card",20.1,0.3,11.61,4.1),
("468-99-7231","C","Normal","Female","HL303",44.99,4,17.62,365.94,'03.03.2019',"17:36:00","Cash",235.17,0.3,133.81,8.8),
("516-77-6464","C","Member","Female","HB103",10.7,5,2.54,53.5,'24.02.2019',"13:08:00","Ewallet",34.2,0.3,19.31,4.1),
("404-91-5964","A","Normal","Male","EA101",74.98,4,26.19,549.84,'04.02.2019',"16:09:00","Credit card",349.26,0.3,198.41,9.0),
("886-77-9084","C","Normal","Male","EA101",71.73,8,28.80,605.38,'19.02.2019',"11:33:00","Ewallet",385.28,0.3,218.61,5.5),
("790-38-4466","C","Normal","Female","HB103",11.3,7,2.74,57.7,'23.01.2019',"10:18:00","Credit card",36.2,0.3,20.91,9.3),
("704-10-4056","C","Member","Male","HB103",60.10,7,9.10,191.07,'14.01.2019',"10:55:00","Credit card",121.9,0.3,68.91,5.6),
("497-37-6538","A","Normal","Male","ST404",58.33,4,20.65,436.34,'17.01.2019',"15:15:00","Ewallet",276.20,0.3,156.71,9.7),
("651-96-5970","A","Normal","Male","FA102",46.9,6,2.39,48.6,'03.03.2019',"20:06:00","Credit card",31.2,0.3,17.61,4.0),
("400-80-4065","C","Member","Male","HB103",68.87,4,13.70,283.74,'15.02.2019',"20:21:00","Credit card",183.13,0.3,104.21,9.2),
("744-16-7898","B","Normal","Female","HL303",97.122,7,48.78,102.227,'15.01.2019',"13:48:00","Credit card",652.48,0.3,370.01,4.9),
("263-12-5321","A","Member","Male","EA101",92.10,2,32.43,684.02,'27.02.2019',"12:52:00","Credit card",434.32,0.3,246.31,9.3),
("702-72-0487","A","Normal","Female","EA101",46.7,7,4.74,97.7,'26.02.2019',"12:28:00","Credit card",62.4,0.3,35.41,6.6),
("605-83-1050","B","Normal","Male","FA102",27.8,6,2.70,57.6,'15.03.2019',"16:26:00","Ewallet",36.2,0.3,20.71,4.3),
("443-60-9639","C","Member","Female","HL303",60.6,4,3.06,63.4,'24.01.2019',"13:24:00","Cash",40.3,0.3,23.11,5.5),
("864-24-7918","A","Member","Female","ST404",24.27,8,12.29,254.78,'22.02.2019',"15:15:00","Cash",164.12,0.3,93.11,8.1),
("359-94-5395","B","Normal","Male","HB103",92.9,3,4.63,97.3,'15.03.2019',"10:50:00","Credit card",62.4,0.3,35.31,9.8),
("401-09-4232","C","Member","Male","HL303",86.05,4,21.72,450.54,'11.02.2019',"18:38:00","Ewallet",290.21,0.3,164.71,9.4),
("751-15-6198","B","Normal","Male","ST404",23.15,7,6.91,14.57,'12.01.2019',"16:45:00","Ewallet",92.6,0.3,52.51,7.9),
("324-41-6833","C","Member","Female","EA101",30.43,3,12.18,251.33,'03.03.2019',"19:30:00","Ewallet",161.12,0.3,91.81,5.1),
("474-33-8305","C","Member","Male","FA102",67.35,4,23.63,496.54,'23.03.2019',"13:23:00","Ewallet",316.23,0.3,179.31,6.9),
("759-29-9521","A","Member","Female","FA102",49.22,7,22.05,465.27,'04.03.2019',"11:27:00","Cash",295.22,0.3,167.41,8.0),
("831-81-6575","B","Member","Female","EA101",75.84,8,34.05,715.48,'23.02.2019',"11:12:00","Cash",455.34,0.3,258.51,8.0),
("220-68-6701","A","Normal","Female","HL303",77.65,2,15.57,327.52,'17.03.2019',"16:36:00","Cash",207.15,0.3,117.81,4.2),
("618-34-8551","A","Normal","Female","ST404",93.35,6,9.35,194.56,'16.01.2019',"18:41:00","Credit card",124.9,0.3,70.81,8.5),
("257-60-7754","A","Normal","Female","EA101",50.61,2,10.07,214.12,'08.01.2019',"17:12:00","Cash",134.10,0.3,76.41,9.0),
("559-61-5987","B","Normal","Female","HB103",17.6,5,0.99,18.5,'14.01.2019',"10:38:00","Cash",11.0,0.3,6.81,8.6),
("189-55-2313","C","Normal","Female","FA102",62.52,1,31.13,656.21,'31.01.2019',"10:33:00","Ewallet",416.31,0.3,236.31,6.0),
("565-91-4567","B","Normal","Male","HB103",10.9,5,4.35,90.5,'15.03.2019',"14:38:00","Ewallet",57.4,0.3,32.71,6.2),
("380-60-5336","A","Normal","Female","EA101",40.62,3,20.13,429.23,'24.02.2019',"18:06:00","Credit card",269.20,0.3,153.01,5.0),
("815-04-6282","C","Member","Female","ST404",65.01,8,16.22,347.18,'08.02.2019',"12:52:00","Credit card",217.16,0.3,123.41,6.5),
("674-56-6360","A","Normal","Male","EA101",95.5,6,4.83,99.6,'22.03.2019',"14:00:00","Cash",63.4,0.3,36.21,6.0),
("778-34-2523","A","Member","Female","EA101",48.38,7,19.45,400.87,'24.01.2019',"10:57:00","Cash",260.19,0.3,147.81,5.0),
("499-27-7781","B","Normal","Female","FB202",53.27,4,21.37,445.74,'14.03.2019',"16:45:00","Ewallet",285.21,0.3,161.81,5.0),
("477-59-2456","C","Normal","Female","FA102",45.54,4,15.94,333.44,'23.01.2019',"11:15:00","Cash",213.15,0.3,120.91,9.2),
("832-51-6761","A","Normal","Male","FB202",33.54,8,13.67,281.48,'19.01.2019',"20:29:00","Ewallet",181.13,0.3,103.01,9.6),
("869-11-3082","B","Member","Male","HB103",96.13,8,19.20,407.38,'27.01.2019',"20:03:00","Credit card",257.19,0.3,146.21,8.4),
("190-59-3964","B","Member","Male","FB202",47.57,1,11.89,248.71,'03.02.2019',"14:35:00","Credit card",158.11,0.3,89.61,6.0),
("366-43-6862","B","Normal","Male","EA101",52.42,3,10.68,221.23,'25.03.2019',"16:32:00","Ewallet",141.10,0.3,80.41,6.7),
("186-43-8965","A","Member","Female","HL303",47.40,1,4.89,10.01,'24.02.2019',"10:10:00","Credit card",63.4,0.3,36.21,4.1),
("784-21-9238","C","Member","Male","ST404",10.2,7,0.52,107,'07.02.2019',"14:15:00","Cash",6.0,0.3,3.91,5.9),
("276-75-6884","A","Normal","Female","HB103",68.76,2,10.38,218.62,'04.03.2019',"10:05:00","Cash",138.10,0.3,78.31,8.7),
("109-86-4363","B","Member","Female","ST404",60.81,1,21.03,441.11,'14.02.2019',"11:36:00","Credit card",281.21,0.3,159.81,4.5),
("569-76-2760","A","Member","Female","ST404",22.7,5,4.47,92.5,'29.01.2019',"18:15:00","Credit card",59.4,0.3,33.51,6.6),
("222-42-0244","B","Member","Female","HB103",72.41,2,32.42,684.12,'28.01.2019',"13:53:00","Credit card",434.32,0.3,246.61,7.7),
("760-53-9233","A","Member","Male","FA102",41.50,7,6.22,13.07,'26.03.2019',"18:37:00","Credit card",83.6,0.3,47.11,8.5),
("538-22-0304","C","Normal","Male","EA101",65.22,5,32.53,685.25,'24.03.2019',"18:27:00","Cash",435.32,0.3,246.81,5.2),
("416-17-9926","A","Member","Female","EA101",74.19,4,37.19,777.94,'01.01.2019',"14:42:00","Credit card",497.37,0.3,282.01,4.3),
("237-44-6163","A","Normal","Male","EA101",10.4,2,4.21,88.2,'24.01.2019',"17:43:00","Cash",56.4,0.3,32.11,7.6),
("636-17-0325","B","Normal","Male","HB103",62.12,6,12.53,267.26,'25.02.2019',"18:37:00","Cash",167.12,0.3,95.11,9.5),
("343-75-9322","B","Member","Female","ST404",11.7,3,4.73,99.3,'09.01.2019',"16:34:00","Cash",63.4,0.3,36.01,4.1),
("528-14-9470","A","Member","Male","HB103",91.1,5,4.64,95.5,'14.02.2019',"14:42:00","Ewallet",61.4,0.3,34.71,9.2),
("427-45-9297","B","Member","Female","HL303",40.49,4,14.32,291.94,'12.03.2019',"11:01:00","Ewallet",191.14,0.3,108.31,5.4),
("807-34-3742","A","Normal","Male","FA102",52.3,8,2.67,55.8,'26.03.2019',"19:44:00","Cash",35.2,0.3,19.91,5.8),
("288-62-1085","A","Member","Male","FA102",38.62,2,9.60,209.22,'09.01.2019',"13:34:00","Ewallet",129.9,0.3,73.21,5.6),
("670-71-7306","B","Normal","Male","ST404",44.71,6,13.43,289.16,'02.01.2019',"20:08:00","Credit card",179.13,0.3,101.81,5.1),
("660-29-7083","C","Normal","Male","EA101",55.26,6,27.90,584.66,'15.01.2019',"15:01:00","Cash",374.27,0.3,212.31,5.8),
("271-77-8740","C","Member","Female","ST404",29.74,2,8.87,187.42,'01.01.2019',"11:40:00","Ewallet",117.8,0.3,66.61,5.0),
("497-36-0989","A","Normal","Male","FA102",51.33,4,7.89,164.34,'15.02.2019',"15:21:00","Cash",104.7,0.3,59.21,7.9),
("291-59-1384","B","Normal","Male","EA101",60.5,2,3.03,63.2,'28.02.2019',"17:38:00","Cash",40.3,0.3,22.91,6.0),
("860-73-6466","A","Member","Female","ST404",39.7,8,3.94,82.8,'02.03.2019',"16:16:00","Credit card",52.3,0.3,30.01,5.0),
("549-23-9016","C","Member","Female","FB202",14.2,5,1.50,31.5,'13.02.2019',"18:15:00","Credit card",19.1,0.3,11.31,8.9),
("896-34-0956","A","Normal","Male","FA102",21.3,8,1.19,22.8,'26.01.2019',"12:43:00","Cash",14.1,0.3,8.11,5.9),
("804-38-3935","A","Member","Male","EA101",93.35,8,14.19,298.58,'30.01.2019',"11:32:00","Credit card",188.14,0.3,106.91,5.9),
("585-90-0249","A","Member","Male","EA101",73.9,5,3.72,76.5,'27.01.2019',"18:08:00","Ewallet",49.3,0.3,27.81,9.7),
("862-29-5914","C","Normal","Female","ST404",22.2,8,1.19,23.8,'30.01.2019',"17:08:00","Credit card",15.1,0.3,8.51,8.6),
("845-94-6841","C","Member","Female","FB202",72.98,8,32.88,689.88,'08.01.2019',"19:38:00","Cash",439.32,0.3,249.31,4.0),
("125-45-2293","A","Normal","Female","FA102",99.44,1,29.72,628.41,'19.01.2019',"13:11:00","Cash",398.29,0.3,226.01,4.2),
("843-73-4724","A","Normal","Male","FA102",74.7,8,3.77,77.8,'25.01.2019',"11:05:00","Cash",49.3,0.3,28.21,9.2),
("409-33-9708","A","Normal","Female","FA102",98.36,4,9.87,202.64,'19.02.2019',"10:12:00","Ewallet",132.9,0.3,74.81,9.2),
("658-66-3967","C","Normal","Male","HB103",53.60,6,18.69,399.06,'14.01.2019',"15:42:00","Ewallet",249.18,0.3,141.51,5.0),
("866-70-2814","B","Normal","Female","EA101",52.74,8,26.48,553.48,'25.02.2019',"11:58:00","Ewallet",353.26,0.3,200.61,10.0),
("160-22-2687","A","Member","Female","HB103",96.23,1,24.06,501.31,'23.01.2019',"14:21:00","Ewallet",321.24,0.3,182.31,8.8),
("895-03-6665","B","Normal","Female","FA102",36.05,8,16.46,340.58,'16.02.2019',"10:52:00","Cash",220.16,0.3,124.91,4.2),
("770-42-8960","B","Normal","Male","FB202",21.47,7,8.49,173.77,'01.01.2019',"19:31:00","Cash",113.8,0.3,64.21,6.3),
("748-45-2862","A","Member","Female","HL303",28.48,7,5.78,11.87,'07.03.2019',"18:35:00","Cash",75.5,0.3,43.01,8.2),
("234-36-2483","B","Normal","Male","HB103",57.32,2,17.34,361.22,'15.02.2019',"13:51:00","Cash",231.17,0.3,131.31,5.1),
("316-66-3011","A","Member","Female","FB202",47.60,3,21.40,457.03,'23.01.2019',"12:35:00","Cash",287.21,0.3,162.91,5.0),
("848-95-6252","C","Member","Female","HL303",86.9,8,4.32,90.8,'20.02.2019',"13:24:00","Ewallet",57.4,0.3,32.81,7.0),
("840-76-5966","A","Member","Male","ST404",12.7,8,1.39,26.8,'08.01.2019',"18:06:00","Ewallet",17.1,0.3,9.71,7.8),
("152-03-4217","B","Normal","Female","HL303",11.06,1,5.12,10.61,'17.03.2019',"11:55:00","Credit card",68.5,0.3,38.61,4.3),
("533-66-5566","B","Normal","Female","HL303",51.65,5,17.95,379.55,'12.01.2019',"11:42:00","Cash",239.17,0.3,135.91,7.0),
("124-31-1458","A","Member","Female","EA101",79.30,1,11.94,250.01,'08.01.2019',"14:30:00","Cash",160.11,0.3,90.71,6.6),
("176-78-1170","C","Member","Male","HB103",33.76,1,5.11,10.61,'26.01.2019',"15:11:00","Ewallet",68.5,0.3,38.51,7.3),
("361-59-0574","B","Member","Male","ST404",90.50,3,36.25,765.03,'15.03.2019',"14:48:00","Credit card",485.36,0.3,275.21,6.5),
("101-81-4070","C","Member","Female","HB103",62.81,1,6.30,13.11,'17.01.2019',"12:36:00","Ewallet",84.6,0.3,47.71,4.9),
("631-34-1880","C","Member","Male","FB202",24.3,6,3.68,76.6,'08.01.2019',"19:09:00","Credit card",48.3,0.3,27.71,4.3),
("852-82-2749","A","Normal","Male","ST404",64.81,8,12.97,273.18,'06.01.2019',"13:35:00","Ewallet",173.12,0.3,98.21,9.3),
("873-14-6353","A","Member","Male","FB202",24.12,8,8.73,186.28,'16.02.2019',"10:33:00","Credit card",116.8,0.3,66.01,7.1),
("584-66-4073","C","Normal","Male","FA102",56.6,5,2.80,59.5,'13.03.2019',"15:45:00","Ewallet",37.2,0.3,21.51,9.6),
("544-55-9589","B","Member","Female","EA101",21.55,5,10.75,223.55,'28.01.2019',"11:51:00","Cash",143.10,0.3,81.41,6.2),
("166-19-2553","A","Member","Male","ST404",89.11,1,26.75,568.11,'18.01.2019',"17:26:00","Cash",358.26,0.3,203.11,9.9),
("737-88-5876","A","Member","Male","HL303",23.8,7,4.78,97.7,'19.03.2019',"11:52:00","Credit card",62.4,0.3,35.41,5.9),
("154-87-7367","C","Normal","Male","HL303",65.88,1,26.13,549.81,'15.03.2019',"14:04:00","Ewallet",349.26,0.3,198.41,6.3),
("885-56-0389","C","Member","Male","FA102",52.5,8,2.63,55.8,'12.02.2019',"17:49:00","Cash",35.2,0.3,19.91,4.0),
("608-05-3804","B","Member","Male","EA101",39.0,6,2.08,41.6,'25.02.2019',"20:19:00","Cash",26.2,0.3,15.11,6.1),
("448-61-3783","A","Normal","Female","EA101",90.66,4,36.07,752.64,'21.03.2019',"16:08:00","Credit card",482.36,0.3,273.71,4.5),
("761-49-0439","B","Member","Female","EA101",12.41,7,4.84,10.17,'19.01.2019',"10:17:00","Ewallet",64.4,0.3,36.81,8.6),
("490-95-0021","B","Member","Female","FB202",33.98,4,16.60,342.84,'08.01.2019',"14:25:00","Ewallet",222.16,0.3,126.21,6.0),
("115-38-7388","C","Member","Female","FA102",10.3,1,4.13,85.1,'30.03.2019',"12:51:00","Credit card",54.4,0.3,31.01,9.5),
("311-13-6971","B","Member","Male","ST404",32.15,3,16.09,334.53,'20.02.2019',"15:18:00","Credit card",214.16,0.3,121.61,9.9),
("291-55-6563","A","Member","Female","HL303",34.56,2,10.35,218.62,'30.03.2019',"12:45:00","Ewallet",138.10,0.3,78.51,7.5),
("548-48-3156","A","Member","Female","FB202",83.45,5,8.31,171.55,'19.03.2019',"13:37:00","Cash",111.8,0.3,63.31,7.6),
("460-93-5834","A","Normal","Male","ST404",45.95,4,16.08,333.54,'13.01.2019',"10:03:00","Cash",213.16,0.3,121.21,5.0),
("325-89-4209","A","Member","Male","FB202",87.8,3,4.42,92.3,'05.02.2019',"19:42:00","Ewallet",58.4,0.3,33.41,6.7),
("884-80-6021","A","Member","Female","EA101",73.81,8,36.70,772.18,'23.03.2019',"13:14:00","Ewallet",492.36,0.3,279.21,9.5),
("137-74-8729","C","Normal","Female","FA102",12.72,1,4.97,10.21,'13.03.2019',"12:47:00","Ewallet",65.4,0.3,37.11,6.8),
("880-46-5796","A","Member","Male","ST404",76.47,8,38.57,805.78,'17.03.2019',"19:53:00","Ewallet",515.38,0.3,292.31,5.6),
("389-70-2397","C","Normal","Female","HB103",83.79,3,20.93,430.93,'21.02.2019',"10:26:00","Cash",280.20,0.3,159.01,7.2),
("114-35-5271","B","Normal","Female","EA101",57.36,1,23.22,480.61,'07.02.2019',"15:06:00","Cash",310.23,0.3,176.11,8.1),
("607-76-6216","C","Member","Female","FA102",92.75,6,23.12,489.56,'02.03.2019',"16:35:00","Credit card",309.23,0.3,175.71,8.6),
("715-20-1673","B","Normal","Male","EA101",28.29,7,7.16,14.97,'06.03.2019',"20:57:00","Cash",95.7,0.3,53.91,9.4),
("811-35-1094","B","Member","Male","EA101",50.37,8,15.10,312.78,'06.02.2019',"15:16:00","Credit card",202.15,0.3,115.01,8.9),
("699-88-1972","B","Normal","Male","HB103",99.82,6,39.79,831.26,'28.01.2019',"17:47:00","Credit card",531.39,0.3,301.51,4.2),
("781-84-8059","C","Normal","Male","FA102",60.86,7,21.30,444.67,'18.01.2019',"16:23:00","Ewallet",284.21,0.3,161.61,5.0),
("409-49-6995","C","Member","Female","FB202",47.47,4,14.29,290.74,'05.02.2019',"10:17:00","Cash",190.14,0.3,107.81,8.8),
("725-54-0677","C","Member","Male","HB103",85.59,7,30.06,621.97,'02.03.2019',"13:50:00","Cash",401.30,0.3,227.71,5.3),
("146-09-5432","A","Member","Male","FB202",35.01,1,15.84,331.11,'09.02.2019',"19:17:00","Ewallet",211.15,0.3,119.81,4.6),
("377-79-7592","C","Member","Female","EA101",44.73,3,20.25,420.33,'14.01.2019',"14:00:00","Credit card",270.20,0.3,153.41,7.5),
("509-10-0516","B","Normal","Male","HL303",46.13,5,9.25,193.35,'09.02.2019',"12:02:00","Ewallet",123.9,0.3,69.91,5.1),
("595-94-9924","A","Member","Female","HB103",27.95,5,6.99,14.55,'26.03.2019',"20:21:00","Credit card",92.6,0.3,52.71,4.2),
("865-41-9075","A","Normal","Male","FB202",11.4,8,4.00,84.8,'28.01.2019',"17:35:00","Cash",54.4,0.3,30.71,8.1),
("545-07-8534","C","Normal","Female","HB103",58.02,5,5.85,12.25,'14.02.2019',"12:42:00","Ewallet",78.5,0.3,44.31,6.0),
("118-62-1812","C","Member","Female","HL303",78.69,1,15.78,320.91,'24.03.2019',"17:56:00","Cash",210.15,0.3,119.11,7.9),
("450-42-3339","C","Normal","Male","HB103",84.48,4,42.33,886.84,'09.02.2019',"18:58:00","Credit card",566.42,0.3,321.51,8.8),
("851-98-3555","B","Normal","Female","HB103",82.95,8,20.75,437.58,'24.03.2019',"14:08:00","Credit card",277.20,0.3,157.51,6.6),
("186-71-5196","A","Member","Female","FB202",79.77,1,8.01,166.71,'27.03.2019',"16:30:00","Ewallet",106.8,0.3,60.51,6.2),
("624-01-8356","B","Normal","Female","HL303",49.04,6,24.53,518.46,'27.01.2019',"10:44:00","Credit card",328.24,0.3,186.21,4.2),
("313-66-9943","B","Member","Female","FB202",29.6,3,4.49,91.3,'27.03.2019',"20:29:00","Credit card",58.4,0.3,33.21,7.3),
("151-27-8496","C","Normal","Female","EA101",56.25,1,11.24,230.51,'19.01.2019',"11:43:00","Ewallet",150.11,0.3,85.31,8.6),
("453-33-6436","A","Normal","Female","HL303",93.32,4,37.24,789.24,'07.02.2019',"10:09:00","Cash",499.37,0.3,283.11,6.8),
("522-57-8364","A","Member","Male","FA102",51.51,5,20.53,435.15,'31.01.2019',"10:00:00","Ewallet",275.20,0.3,156.11,7.6),
("459-45-2396","A","Member","Female","FB202",99.43,4,14.93,310.34,'25.02.2019',"18:45:00","Cash",200.14,0.3,113.51,5.8),
("717-96-4189","C","Normal","Female","EA101",35.93,7,10.61,222.37,'02.02.2019',"12:40:00","Cash",142.10,0.3,80.91,4.1),
("722-13-2115","C","Member","Male","ST404",42.1,7,2.11,45.7,'14.03.2019',"15:36:00","Credit card",28.2,0.3,16.31,9.3),
("749-81-8133","A","Normal","Female","FA102",94.87,7,18.91,393.77,'11.03.2019',"12:04:00","Cash",253.18,0.3,143.91,6.8),
("777-67-2495","B","Normal","Male","HL303",69.67,7,10.34,218.77,'22.02.2019',"11:26:00","Ewallet",138.10,0.3,78.61,8.7),
("636-98-3364","B","Member","Female","EA101",26.9,6,3.93,82.6,'02.03.2019',"12:36:00","Ewallet",52.3,0.3,29.91,6.3),
("246-55-6923","C","Member","Female","HL303",35.58,2,16.19,335.82,'10.03.2019',"15:06:00","Credit card",215.16,0.3,122.41,5.1),
("181-82-6255","B","Normal","Female","HL303",16.83,1,4.92,10.31,'08.02.2019',"10:58:00","Cash",65.4,0.3,37.31,7.0),
("838-02-1821","C","Member","Female","HL303",12.0,8,1.38,26.8,'22.02.2019',"12:10:00","Credit card",17.1,0.3,9.71,5.2),
("887-42-0517","C","Normal","Female","ST404",83.41,8,29.15,619.18,'10.01.2019',"10:31:00","Credit card",389.29,0.3,221.21,6.6),
("457-12-0244","C","Member","Female","ST404",35.11,4,10.62,221.14,'14.03.2019',"13:49:00","Ewallet",141.10,0.3,80.31,6.5),
("226-34-0034","B","Normal","Female","EA101",13.3,2,2.80,57.2,'10.01.2019',"11:10:00","Ewallet",36.2,0.3,21.01,9.0),
("321-49-7382","B","Member","Male","ST404",88.4,3,4.43,92.3,'15.02.2019',"17:38:00","Credit card",59.4,0.3,33.61,5.2),
("397-25-8725","A","Member","Female","HB103",39.24,3,17.87,378.43,'13.01.2019',"17:54:00","Credit card",238.17,0.3,135.51,6.8),
("431-66-2305","B","Normal","Female","EA101",88.64,4,39.73,832.44,'15.02.2019',"20:51:00","Credit card",532.39,0.3,301.81,7.6),
("825-94-5922","B","Normal","Male","ST404",25.9,8,2.59,53.8,'02.03.2019',"19:26:00","Ewallet",33.2,0.3,19.21,7.2),
("641-62-7288","B","Normal","Male","HL303",99.69,6,30.02,621.96,'24.03.2019',"13:33:00","Ewallet",401.30,0.3,227.81,7.1),
("756-93-1854","C","Member","Female","FA102",83.95,7,8.38,171.57,'02.02.2019',"14:05:00","Credit card",111.8,0.3,63.41,9.5),
("243-55-8457","A","Normal","Female","FB202",74.51,2,37.24,788.12,'27.02.2019',"11:40:00","Ewallet",498.37,0.3,282.91,5.1),
("458-10-8612","C","Normal","Male","HB103",64.11,4,22.46,470.14,'20.01.2019',"12:27:00","Ewallet",300.22,0.3,170.51,7.6),
("501-61-1753","B","Normal","Female","HL303",63.67,5,18.97,393.75,'03.01.2019',"20:24:00","Ewallet",253.18,0.3,144.01,9.8),
("235-06-8510","C","Member","Male","HL303",85.00,2,12.95,272.02,'24.01.2019',"20:59:00","Ewallet",172.12,0.3,97.71,5.1),
("433-08-7822","C","Normal","Female","HB103",78.09,4,27.68,570.94,'05.01.2019',"19:48:00","Ewallet",370.27,0.3,209.91,7.5),
("361-85-2571","A","Normal","Female","ST404",89.89,3,22.45,469.93,'30.03.2019',"10:18:00","Cash",299.22,0.3,170.01,7.4),
("131-70-8179","A","Member","Female","HB103",92.70,1,13.81,295.01,'17.02.2019',"16:27:00","Cash",185.13,0.3,105.01,4.2),
("500-02-2261","C","Normal","Female","FB202",57.00,5,17.22,360.05,'21.03.2019',"17:04:00","Ewallet",230.17,0.3,130.61,5.9),
("720-72-2436","A","Normal","Male","FB202",66.79,7,13.34,278.97,'02.03.2019',"18:14:00","Ewallet",178.13,0.3,101.11,6.9),
("702-83-5291","C","Member","Male","FA102",99.83,7,44.92,941.37,'27.03.2019',"10:43:00","Cash",601.44,0.3,341.41,6.6),
("809-69-9497","A","Normal","Female","HL303",45.69,8,22.84,476.98,'19.01.2019',"19:30:00","Ewallet",306.22,0.3,173.61,5.7),
("449-16-6770","A","Normal","Male","HB103",50.16,4,12.77,260.64,'19.02.2019',"14:53:00","Credit card",170.12,0.3,96.51,5.3),
("333-23-2632","A","Member","Male","HB103",10.2,3,3.56,74.3,'28.03.2019',"20:14:00","Cash",47.3,0.3,26.81,4.2),
("489-82-1237","A","Normal","Female","EA101",93.80,4,32.92,690.04,'05.01.2019',"11:51:00","Credit card",440.32,0.3,249.71,7.3),
("859-97-6048","C","Member","Male","EA101",84.96,8,8.40,172.68,'26.03.2019',"14:13:00","Credit card",112.8,0.3,64.01,5.3),
("676-10-2200","B","Member","Male","FA102",53.1,6,2.72,56.6,'03.02.2019',"20:13:00","Ewallet",36.2,0.3,20.41,4.7),
("373-88-1424","C","Member","Male","HL303",35.88,3,9.04,180.83,'06.02.2019',"18:44:00","Ewallet",120.9,0.3,68.01,7.9),
("365-16-4334","B","Normal","Female","FB202",26.12,3,10.63,221.23,'24.02.2019',"14:26:00","Ewallet",141.10,0.3,80.41,8.9),
("503-21-4385","B","Member","Male","HB103",39.25,5,6.03,12.55,'21.02.2019',"12:40:00","Ewallet",80.6,0.3,45.51,9.3),
("305-89-2768","B","Member","Female","HL303",21.8,3,3.37,69.3,'09.01.2019',"18:43:00","Ewallet",44.3,0.3,25.01,4.7),
("574-80-1489","B","Member","Female","FB202",62.84,5,12.64,268.45,'25.02.2019',"13:22:00","Ewallet",168.12,0.3,95.51,8.7),
("784-08-0310","C","Member","Female","FB202",21.0,7,4.23,88.7,'13.01.2019',"13:58:00","Cash",56.4,0.3,32.01,7.6),
("200-40-6154","B","Member","Male","HL303",65.45,2,19.81,415.52,'09.02.2019',"11:45:00","Cash",265.19,0.3,150.31,5.7),
("846-10-0341","A","Normal","Female","FA102",42.12,8,14.93,319.28,'06.01.2019',"11:51:00","Cash",199.14,0.3,113.21,6.8),
("577-34-7579","C","Member","Male","FB202",50.37,5,22.75,474.75,'10.01.2019',"17:16:00","Cash",304.22,0.3,172.71,5.4),
("430-02-3888","B","Normal","Male","EA101",46.09,4,13.88,285.94,'07.02.2019',"15:55:00","Cash",185.13,0.3,104.91,7.1),
("867-47-1948","C","Normal","Female","HL303",15.45,8,7.99,165.58,'09.01.2019',"12:07:00","Cash",105.7,0.3,60.01,7.8),
("384-59-6655","A","Member","Female","FB202",98.52,3,44.46,934.23,'19.02.2019',"15:07:00","Cash",594.44,0.3,337.41,8.4),
("256-58-3609","C","Member","Male","FA102",92.5,2,4.66,96.2,'18.03.2019',"15:29:00","Cash",61.4,0.3,35.01,9.8),
("324-92-3863","A","Member","Male","EA101",20.9,3,2.18,43.3,'05.02.2019',"18:45:00","Cash",28.2,0.3,15.91,9.8),
("593-08-5916","A","Normal","Female","FA102",15.0,5,0.89,16.5,'19.03.2019',"15:23:00","Credit card",10.0,0.3,5.91,7.4),
("364-34-2972","C","Member","Male","EA101",96.35,3,14.59,304.53,'30.03.2019',"20:37:00","Cash",194.14,0.3,110.41,6.7),
("794-42-3736","B","Normal","Male","FB202",33.4,7,3.37,70.7,'26.01.2019',"14:41:00","Credit card",44.3,0.3,25.31,6.4),
("172-42-8274","B","Normal","Female","EA101",38.4,1,3.82,80.1,'02.03.2019',"18:18:00","Credit card",51.3,0.3,29.11,5.8),
("558-60-5016","A","Normal","Female","HL303",33.64,5,15.00,310.45,'04.03.2019',"15:27:00","Ewallet",200.15,0.3,113.91,7.2),
("195-06-0432","A","Member","Male","HL303",81.05,1,12.24,252.51,'13.01.2019',"12:55:00","Credit card",162.12,0.3,92.41,9.3),
("605-03-2706","A","Normal","Female","HB103",15.0,6,2.47,49.6,'25.03.2019',"18:02:00","Cash",31.2,0.3,18.01,9.5),
("214-30-2776","B","Member","Female","EA101",34.31,2,8.67,185.12,'11.03.2019',"19:44:00","Credit card",115.8,0.3,65.51,9.0),
("746-04-1077","B","Member","Female","FB202",84.08,7,42.30,887.87,'01.01.2019',"11:36:00","Credit card",567.42,0.3,321.61,9.0),
("448-34-8700","B","Member","Male","HL303",36.31,4,12.97,273.14,'10.02.2019',"13:51:00","Ewallet",173.12,0.3,98.21,6.7),
("452-04-8808","B","Normal","Male","EA101",87.00,4,30.58,648.04,'26.01.2019',"15:17:00","Cash",408.30,0.3,231.61,5.5),
("531-56-4728","A","Normal","Male","HL303",80.52,5,12.07,251.25,'11.02.2019',"15:29:00","Cash",161.12,0.3,91.31,5.4),
("744-82-9138","C","Normal","Male","FA102",86.80,7,8.61,185.07,'07.02.2019',"17:59:00","Cash",115.8,0.3,65.51,8.2),
("883-69-1285","B","Member","Male","FA102",49.64,8,5.02,10.48,'06.03.2019',"11:55:00","Credit card",66.5,0.3,37.91,7.0),
("221-25-5073","A","Normal","Female","FB202",74.23,2,14.90,310.32,'04.03.2019',"10:39:00","Cash",200.14,0.3,113.51,8.5),
("518-71-6847","B","Member","Male","FB202",26.77,5,8.08,166.75,'26.02.2019',"15:10:00","Ewallet",106.8,0.3,60.71,4.9),
("156-20-0370","B","Normal","Female","EA101",25.2,1,1.33,26.1,'10.03.2019',"18:10:00","Credit card",17.1,0.3,9.71,5.1),
("151-33-7434","B","Normal","Female","FB202",67.3,1,3.44,71.1,'04.02.2019',"20:43:00","Credit card",45.3,0.3,25.81,6.5),
("728-47-9078","C","Member","Male","FB202",59.40,7,11.90,259.07,'19.01.2019',"12:46:00","Cash",159.11,0.3,90.61,9.8),
("809-46-1866","A","Normal","Male","HB103",58.44,8,11.68,245.48,'23.01.2019',"17:44:00","Cash",155.11,0.3,88.41,8.4),
("139-32-4183","A","Member","Female","ST404",97.31,1,43.91,927.11,'14.03.2019',"14:19:00","Ewallet",587.43,0.3,333.41,7.4),
("148-41-7930","C","Normal","Male","HB103",100.44,1,35.09,738.41,'23.01.2019',"10:33:00","Cash",468.35,0.3,265.91,6.1),
("189-40-5216","C","Normal","Male","EA101",96.48,1,33.72,702.81,'09.01.2019',"11:40:00","Cash",452.33,0.3,256.31,6.0),
("374-38-5555","B","Normal","Female","FA102",63.34,3,15.95,333.43,'07.02.2019',"19:30:00","Ewallet",213.15,0.3,121.11,8.5),
("764-44-8999","B","Normal","Female","HB103",14.4,7,1.59,31.7,'18.02.2019',"14:42:00","Ewallet",19.1,0.3,11.21,4.3),
("552-44-5977","B","Member","Male","HB103",62.40,5,24.89,522.05,'03.01.2019',"19:08:00","Credit card",332.24,0.3,188.51,6.2),
("267-62-7380","C","Member","Male","EA101",82.64,2,41.23,861.42,'29.03.2019',"19:12:00","Ewallet",551.41,0.3,312.91,4.3),
("430-53-4718","B","Member","Male","HB103",75.53,4,30.17,634.34,'28.01.2019',"15:46:00","Credit card",404.30,0.3,229.11,8.4),
("886-18-2897","A","Normal","Female","FB202",56.16,8,14.18,299.68,'22.03.2019',"19:06:00","Credit card",189.14,0.3,107.51,4.5),
("602-16-6955","B","Normal","Female","ST404",76.14,6,38.39,803.46,'24.01.2019',"18:10:00","Ewallet",513.38,0.3,291.11,6.0),
("745-74-0715","A","Normal","Male","EA101",58.71,7,5.87,12.17,'10.03.2019',"20:46:00","Ewallet",77.5,0.3,44.11,8.8),
("690-01-6631","B","Normal","Male","FA102",17.03,6,8.76,187.36,'22.02.2019',"18:35:00","Ewallet",117.8,0.3,66.51,6.6),
("652-49-6720","C","Member","Female","EA101",61.4,6,3.07,64.6,'18.02.2019',"11:40:00","Ewallet",40.3,0.3,23.21,5.9),
("233-67-5758","C","Normal","Male","HB103",40.6,2,2.07,42.2,'29.01.2019',"13:46:00","Ewallet",27.2,0.3,15.31,6.2),
("303-96-2227","B","Normal","Female","HL303",97.922,3,48.72,102.223,'02.03.2019',"17:16:00","Ewallet",652.48,0.3,370.01,4.4),
("727-02-1313","A","Member","Male","FB202",31.0,7,1.63,33.7,'09.02.2019',"13:22:00","Cash",21.1,0.3,12.11,7.7),
("347-56-2442","A","Normal","Male","HL303",65.5,3,3.34,69.3,'22.02.2019',"15:33:00","Cash",44.3,0.3,25.01,4.1),
("849-09-3807","A","Member","Female","FA102",88.09,8,30.98,644.98,'18.02.2019',"13:28:00","Cash",414.30,0.3,235.01,6.6);


use supermarket;

